ticker,year,ipo_date,open_px,close_px,underpricing,ret_30d,ret_12m,ipo_size_m,fed_rate,sector,revenue_ltm,profitable,pe_backed,cohort,cohort_en,log_size
STOK,2019,2019-06-19,27.21,25.57,-0.060272,0.003129,-0.006648,170.3,2.16,Healthcare,,,0,Taux bas (2019-2021),Low Rate (2019-2021),5.1375615876686425
DOYU,2019,2019-07-17,20.3004,21.1847,0.043557,-0.233043,-0.42,66.16,2.16,Tech,,,0,Taux bas (2019-2021),Low Rate (2019-2021),4.1920760507154355
XHG,2019,2019-11-05,1388000.0,1411200.0,0.016715,-0.4161,-0.421032,6.94,2.16,Finance,,,0,Taux bas (2019-2021),Low Rate (2019-2021),1.937301774518713
SNDL,2019,2019-08-01,130.2,84.8,-0.348694,0.03184,-0.926887,121.27,2.16,Healthcare,,,0,Taux bas (2019-2021),Low Rate (2019-2021),4.7980194646687
GNLN,2019,2019-04-18,382800000.0,278520000.0,-0.272414,-0.261611,-0.854976,382.8,2.16,Consumer,,,0,Taux bas (2019-2021),Low Rate (2019-2021),5.947512659578799
AMTD,2019,2019-08-05,53.46,60.54,0.132436,-0.127849,-0.182359,15.27,2.16,Finance,,,0,Taux bas (2019-2021),Low Rate (2019-2021),2.725890119230541
GO,2019,2019-06-20,31.0,28.51,-0.080323,0.359172,0.052262,415.26,2.16,Consumer,,,0,Taux bas (2019-2021),Low Rate (2019-2021),6.028904830081827
TW,2019,2019-04-04,33.1629,34.6633,0.045242,0.20888,0.254564,1083.16,2.16,Finance,,,0,Taux bas (2019-2021),Low Rate (2019-2021),6.987637973854308
BNTX,2019,2019-10-10,16.2843,14.0539,-0.13697,0.382023,2.577247,45.69,2.16,Healthcare,,,0,Taux bas (2019-2021),Low Rate (2019-2021),3.8218794555751803
JFIN,2019,2019-05-10,8.6233,12.6606,0.468182,-0.133746,-0.668731,13.14,2.16,Finance,,,0,Taux bas (2019-2021),Low Rate (2019-2021),2.5756610130564646
TELA,2019,2019-11-08,13.75,13.35,-0.029091,-0.082397,0.061423,17.46,2.16,Industrials,,,0,Taux bas (2019-2021),Low Rate (2019-2021),2.859912550411456
DDOG,2019,2019-09-19,40.35,37.55,-0.069393,-0.105459,0.78775,888.74,2.16,Tech,,,0,Taux bas (2019-2021),Low Rate (2019-2021),6.789804729296062
SPFI,2019,2019-05-09,16.05,15.9689,-0.005056,-0.025409,0.180249,23.27,2.16,Finance,,,0,Taux bas (2019-2021),Low Rate (2019-2021),3.1471649773142003
BYND,2019,2019-05-02,46.0,65.75,0.429348,1.303878,0.372624,1063.47,2.16,Industrials,,,0,Taux bas (2019-2021),Low Rate (2019-2021),6.969292425497707
PHR,2019,2019-07-18,26.75,25.08,-0.06243,0.07496,-0.179825,213.97,2.16,Consumer,,,0,Taux bas (2019-2021),Low Rate (2019-2021),5.3658358182788595
PGNY,2019,2019-10-25,13.5,15.94,0.180741,0.744668,0.684442,67.14,2.16,Healthcare,,,0,Taux bas (2019-2021),Low Rate (2019-2021),4.206779991551889
DUO,2019,2019-11-01,46800.0,46800.0,0.0,0.000769,-0.226923,10.76,2.16,Finance,,,0,Taux bas (2019-2021),Low Rate (2019-2021),2.3758355547336385
SLE,2019,2019-02-26,105600.0,90720.0,-0.140909,-0.295238,-0.616931,15.73,2.16,Tech,,,0,Taux bas (2019-2021),Low Rate (2019-2021),2.7555697170701863
ALRS,2019,2019-01-02,15.2471,15.8016,0.036364,-0.012531,0.144327,0.03,2.16,Finance,,,0,Taux bas (2019-2021),Low Rate (2019-2021),-3.506557897319982
OPRT,2019,2019-09-26,15.7,16.17,0.029936,0.05133,-0.209648,27.06,2.16,Finance,,,0,Taux bas (2019-2021),Low Rate (2019-2021),3.2980566227426418
RMBI,2019,2019-07-02,10.4556,10.7146,0.024775,-0.029304,-0.136264,27.76,2.16,Finance,,,0,Taux bas (2019-2021),Low Rate (2019-2021),3.3235961356386037
MIRM,2019,2019-07-18,13.0,13.21,0.016154,-0.024981,0.059046,19.17,2.16,Healthcare,,,0,Taux bas (2019-2021),Low Rate (2019-2021),2.9533465570575532
SPT,2019,2019-12-13,18.05,16.6,-0.080332,-0.033133,1.063855,98.25,2.16,Tech,,,0,Taux bas (2019-2021),Low Rate (2019-2021),4.58751525074937
JFU,2019,2019-08-15,217.6,195.2,-0.102941,0.060451,-0.316598,26.76,2.16,Finance,,,0,Taux bas (2019-2021),Low Rate (2019-2021),3.286908235260028
PTON,2019,2019-09-26,27.17,25.76,-0.051895,-0.121506,0.858696,1278.83,2.16,Industrials,,,0,Taux bas (2019-2021),Low Rate (2019-2021),7.153700876403792
EH,2019,2019-12-13,12.45,12.9,0.036145,-0.166667,-0.375969,3.62,2.16,Industrials,,,0,Taux bas (2019-2021),Low Rate (2019-2021),1.2864740258376797
UBER,2019,2019-05-10,42.0,41.57,-0.010238,0.036565,-0.154919,7825.54,2.16,Consumer,,,0,Taux bas (2019-2021),Low Rate (2019-2021),8.965148022611967
REAL,2019,2019-06-28,28.0,28.9,0.032143,-0.381315,-0.549827,550.77,2.16,Consumer,,,0,Taux bas (2019-2021),Low Rate (2019-2021),6.3113172991402235
SXTC,2019,2019-01-04,67350.0,86100.0,0.278396,-0.071429,-0.602787,0.2,2.16,Healthcare,,,0,Taux bas (2019-2021),Low Rate (2019-2021),-1.6094379124341003
HBT,2019,2019-10-11,12.8829,12.3581,-0.040741,0.117761,-0.137053,48.37,2.16,Finance,,,0,Taux bas (2019-2021),Low Rate (2019-2021),3.878879786834892
WAFU,2019,2019-04-30,5.2,4.1,-0.211538,-0.307317,-0.587561,0.71,2.16,Other,,,0,Taux bas (2019-2021),Low Rate (2019-2021),-0.342490308946776
INMB,2019,2019-02-04,8.44,7.99,-0.053318,-0.005006,-0.51189,0.77,2.16,Healthcare,,,0,Taux bas (2019-2021),Low Rate (2019-2021),-0.2613647641344075
CHWY,2019,2019-06-14,36.0,34.99,-0.028056,-0.023721,-0.13118,2508.17,2.16,Consumer,,,0,Taux bas (2019-2021),Low Rate (2019-2021),7.82730868254974
PINS,2019,2019-04-18,23.75,24.4,0.027368,0.0,-0.25,2068.85,2.16,Tech,,,0,Taux bas (2019-2021),Low Rate (2019-2021),7.634748176325692
PLMR,2019,2019-04-17,18.5,18.99,0.026486,0.221696,1.73723,80.32,2.16,Finance,,,0,Taux bas (2019-2021),Low Rate (2019-2021),4.386018655943419
XP,2019,2019-12-11,29.1914,30.7156,0.052214,0.117818,0.296286,1011.07,2.16,Finance,,,0,Taux bas (2019-2021),Low Rate (2019-2021),6.918764455001449
FSLY,2019,2019-05-17,21.5,23.99,0.115814,-0.146728,0.000834,346.21,2.16,Tech,,,0,Taux bas (2019-2021),Low Rate (2019-2021),5.847045527362495
INMD,2019,2019-08-08,6.8125,6.785,-0.004037,0.92115,0.672808,48.36,2.16,Industrials,,,0,Taux bas (2019-2021),Low Rate (2019-2021),3.878673025746592
HCAT,2019,2019-07-25,37.37,39.17,0.048167,-0.071483,-0.305846,227.22,2.16,Tech,,,0,Taux bas (2019-2021),Low Rate (2019-2021),5.425918711141758
TMDX,2019,2019-05-02,20.25,22.36,0.104198,0.163685,-0.19678,89.68,2.16,Industrials,,,0,Taux bas (2019-2021),Low Rate (2019-2021),4.496247778763904
RRBI,2019,2019-05-03,52.7703,48.2129,-0.086364,-0.048358,0.113035,7.91,2.16,Finance,,,0,Taux bas (2019-2021),Low Rate (2019-2021),2.0681277817795625
DAO,2019,2019-10-25,13.5,12.5,-0.074074,0.1264,2.0248,53.19,2.16,Other,,,0,Taux bas (2019-2021),Low Rate (2019-2021),3.9738704087542263
INDO,2019,2019-12-19,11.0,10.7,-0.027273,-0.316822,-0.596262,0.98,2.16,Industrials,,,0,Taux bas (2019-2021),Low Rate (2019-2021),-0.020202707317519466
TRVI,2019,2019-05-07,9.5,7.89,-0.169474,0.204056,-0.365019,12.99,2.16,Healthcare,,,0,Taux bas (2019-2021),Low Rate (2019-2021),2.5641798306825083
KRRO,2019,2019-10-03,560.0,685.0,0.223214,0.121898,0.359854,20.69,2.16,Healthcare,,,0,Taux bas (2019-2021),Low Rate (2019-2021),3.029650491757452
KRKR,2019,2019-11-08,260.0,261.2,0.004615,-0.410414,-0.735835,6.23,2.16,Consumer,,,0,Taux bas (2019-2021),Low Rate (2019-2021),1.8293763327993617
QNCX,2019,2019-05-09,201.7,328.9,0.63064,0.091213,0.903922,27.11,2.16,Healthcare,,,0,Taux bas (2019-2021),Low Rate (2019-2021),3.299902663510574
IHRT,2019,2019-07-01,15.4,15.4,0.0,-0.149351,-0.257792,0.19,2.16,Industrials,,,0,Taux bas (2019-2021),Low Rate (2019-2021),-1.6607312068216509
DTIL,2019,2019-03-28,540.0,523.2,-0.031111,-0.25172,0.061353,69.55,2.16,Healthcare,,,0,Taux bas (2019-2021),Low Rate (2019-2021),4.242045918369452
RBKB,2019,2019-01-17,11.3,11.75,0.039823,0.0,-0.114894,9.31,2.16,Finance,,,0,Taux bas (2019-2021),Low Rate (2019-2021),2.231089091288976
MEC,2019,2019-05-09,17.0,16.47,-0.031177,-0.131147,-0.44323,47.85,2.16,Industrials,,,0,Taux bas (2019-2021),Low Rate (2019-2021),3.8680711178989635
SY,2019,2019-05-02,15.1137,16.6709,0.10303,-0.278022,-0.226923,202.7,2.16,Tech,,,0,Taux bas (2019-2021),Low Rate (2019-2021),5.311727053457954
EIC,2019,2019-07-24,9.1546,9.0165,-0.015083,0.019584,-0.439154,1.14,2.16,Other,,,0,Taux bas (2019-2021),Low Rate (2019-2021),0.131028262406404
PSTL,2019,2019-05-15,11.6011,11.6011,0.0,-0.102353,-0.022766,12.39,2.16,Finance,,,0,Taux bas (2019-2021),Low Rate (2019-2021),2.516889695641051
NXTC,2019,2019-05-09,186.6,238.8,0.279743,-0.265327,1.658291,25.61,2.16,Healthcare,,,0,Taux bas (2019-2021),Low Rate (2019-2021),3.242982900211434
SONM,2019,2019-05-10,21060.0,19782.0,-0.060684,0.235669,-0.66424,15.39,2.16,Industrials,,,0,Taux bas (2019-2021),Low Rate (2019-2021),2.733717947850788
NVST,2019,2019-09-18,25.65,27.95,0.089669,0.07907,-0.238998,259.39,2.16,Industrials,,,0,Taux bas (2019-2021),Low Rate (2019-2021),5.558332720638098
GOTU,2019,2019-06-06,12.1,10.48,-0.133884,-0.013359,2.526718,165.48,2.16,Other,,,0,Taux bas (2019-2021),Low Rate (2019-2021),5.108850341593211
XGN,2019,2019-09-19,16.8,17.11,0.018452,-0.119813,-0.323787,15.43,2.16,Healthcare,,,0,Taux bas (2019-2021),Low Rate (2019-2021),2.7363136663750693
HOTH,2019,2019-02-15,172.5,213.25,0.236232,-0.44197,-0.526377,0.18,2.16,Healthcare,,,0,Taux bas (2019-2021),Low Rate (2019-2021),-1.7147984280919266
GOSS,2019,2019-02-08,19.0,17.94,-0.055789,0.231884,-0.081382,112.0,2.16,Healthcare,,,0,Taux bas (2019-2021),Low Rate (2019-2021),4.718498871295094
RAPT,2019,2019-10-31,98.0,104.0,0.061224,0.824615,1.037692,3.02,2.16,Other,,,0,Taux bas (2019-2021),Low Rate (2019-2021),1.1052568313867783
LEVI,2019,2019-03-21,19.1786,19.3426,0.008551,0.008924,-0.245359,833.0,2.16,Industrials,,,0,Taux bas (2019-2021),Low Rate (2019-2021),6.725033642166843
VIST,2019,2019-07-26,8.25,9.1,0.10303,-0.4,-0.756044,20.62,2.16,Industrials,,,0,Taux bas (2019-2021),Low Rate (2019-2021),3.026261478588814
JMIA,2019,2019-04-12,18.95,25.46,0.343536,-0.094266,-0.786331,179.5,2.16,Consumer,,,0,Taux bas (2019-2021),Low Rate (2019-2021),5.190175207928333
PSNL,2019,2019-06-20,23.6,28.49,0.207203,-0.44577,-0.697087,147.96,2.16,Healthcare,,,0,Taux bas (2019-2021),Low Rate (2019-2021),4.996941966964253
CNSP,2019,2019-11-08,3769200.0,4113000.0,0.091213,-0.155361,-0.551422,3.77,2.16,Healthcare,,,0,Taux bas (2019-2021),Low Rate (2019-2021),1.3270750014599193
PINE,2019,2019-11-22,12.7025,12.7025,0.0,0.00466,-0.228579,19.08,2.16,Finance,,,0,Taux bas (2019-2021),Low Rate (2019-2021),2.9486406660201405
RVLV,2019,2019-06-07,25.16,34.0,0.351351,0.011471,-0.426765,475.08,2.16,Consumer,,,0,Taux bas (2019-2021),Low Rate (2019-2021),6.16348321090604
TIGR,2019,2019-03-20,8.11,10.92,0.346486,0.205128,-0.665751,178.21,2.16,Finance,,,0,Taux bas (2019-2021),Low Rate (2019-2021),5.182962630185008
PAVS,2019,2019-10-25,116868.0455,107327.7969,-0.081633,0.048889,-0.371111,3.16,2.16,Tech,,,0,Taux bas (2019-2021),Low Rate (2019-2021),1.1505720275988207
KRUS,2019,2019-08-01,14.89,19.61,0.316991,0.007649,-0.378888,27.61,2.16,Consumer,,,0,Taux bas (2019-2021),Low Rate (2019-2021),3.3181780259420632
BWAY,2019,2019-04-17,5.565,5.545,-0.003594,-0.07394,-0.133003,14.32,2.16,Industrials,,,0,Taux bas (2019-2021),Low Rate (2019-2021),2.6616571615324998
APRE,2019,2019-10-03,309.1,410.0,0.326432,0.319024,0.465854,28.14,2.16,Healthcare,,,0,Taux bas (2019-2021),Low Rate (2019-2021),3.337192051686243
MTC,2019,2019-01-09,472.8,604.0,0.277496,-0.327152,-0.565563,1.21,2.16,Tech,,,0,Taux bas (2019-2021),Low Rate (2019-2021),0.1906203596086497
AFYA,2019,2019-07-19,22.2158,22.542,0.014681,-0.081568,-0.196897,162.9,2.16,Other,,,0,Taux bas (2019-2021),Low Rate (2019-2021),5.093136515607999
FULC,2019,2019-07-18,14.5,13.5,-0.068966,-0.191111,-0.037037,18.0,2.16,Healthcare,,,0,Taux bas (2019-2021),Low Rate (2019-2021),2.8903717578961645
FUTU,2019,2019-03-08,14.42,14.9671,0.03794,-0.01893,-0.274151,104.55,2.16,Finance,,,0,Taux bas (2019-2021),Low Rate (2019-2021),4.649665425874643
NET,2019,2019-09-13,18.0,18.0,0.0,-0.101667,0.57,647.89,2.16,Tech,,,0,Taux bas (2019-2021),Low Rate (2019-2021),6.473720928856169
AVTR,2019,2019-05-17,14.72,14.5,-0.014946,0.292414,0.289655,576.61,2.16,Industrials,,,0,Taux bas (2019-2021),Low Rate (2019-2021),6.357166128099352
BILL,2019,2019-12-12,37.25,35.5,-0.04698,0.071831,1.737465,354.1,2.16,Tech,,,0,Taux bas (2019-2021),Low Rate (2019-2021),5.869579359117858
TXG,2019,2019-09-12,54.0,52.75,-0.023148,0.077156,0.440758,395.62,2.16,Industrials,,,0,Taux bas (2019-2021),Low Rate (2019-2021),5.98045415458793
MNPR,2019,2019-12-19,41.75,132.5,2.173653,-0.373585,-0.783019,4.53,2.16,Healthcare,,,0,Taux bas (2019-2021),Low Rate (2019-2021),1.5107219394949427
FVRR,2019,2019-06-13,26.0,39.9,0.534615,-0.368421,-0.12005,573.2,2.16,Consumer,,,0,Taux bas (2019-2021),Low Rate (2019-2021),6.351234695954017
AREC,2019,2019-01-02,8.55,9.5,0.111111,0.242105,-0.915789,0.01,2.16,Industrials,,,0,Taux bas (2019-2021),Low Rate (2019-2021),-4.605170185988091
OBDC,2019,2019-07-18,7.4261,7.4213,-0.000645,0.025178,-0.249591,24.19,2.16,Other,,,0,Taux bas (2019-2021),Low Rate (2019-2021),3.185939324621936
ADPT,2019,2019-06-27,39.01,40.3,0.033068,0.033003,-0.317122,438.69,2.16,Healthcare,,,0,Taux bas (2019-2021),Low Rate (2019-2021),6.083793013291897
LYFT,2019,2019-03-29,87.33,78.29,-0.103515,-0.384979,-0.422659,6242.8,2.16,Consumer,,,0,Taux bas (2019-2021),Low Rate (2019-2021),8.739184078668398
XTKG,2019,2019-04-02,224150.9375,209479.25,-0.065454,-0.050584,-0.42607,4.03,2.16,Other,,,0,Taux bas (2019-2021),Low Rate (2019-2021),1.3937663759585917
DT,2019,2019-08-01,25.5,23.85,-0.064706,-0.118658,0.038155,740.45,2.16,Tech,,,0,Taux bas (2019-2021),Low Rate (2019-2021),6.607258109483513
PHAT,2019,2019-10-25,22.5,24.6,0.093333,-0.058943,0.314634,19.27,2.16,Healthcare,,,0,Taux bas (2019-2021),Low Rate (2019-2021),2.958549482426275
ALEC,2019,2019-02-07,18.7,18.08,-0.033155,-0.001659,-0.167588,67.81,2.16,Healthcare,,,0,Taux bas (2019-2021),Low Rate (2019-2021),4.216709676695751
VIR,2019,2019-10-11,16.15,14.02,-0.131888,-0.087732,1.957204,49.21,2.16,Healthcare,,,0,Taux bas (2019-2021),Low Rate (2019-2021),3.8960968548778867
BRBR,2019,2019-10-18,16.12,16.35,0.014268,0.237309,0.108868,19.65,2.16,Industrials,,,0,Taux bas (2019-2021),Low Rate (2019-2021),2.9780773383152703
YJ,2019,2019-05-03,540.0,566.0,0.048148,-0.226148,-0.614134,118.25,2.16,Consumer,,,0,Taux bas (2019-2021),Low Rate (2019-2021),4.772801027372043
BWIN,2019,2019-10-24,17.3,16.37,-0.053757,-0.097129,0.009163,116.04,2.16,Finance,,,0,Taux bas (2019-2021),Low Rate (2019-2021),4.753934959253203
CSTL,2019,2019-07-25,20.0,21.4,0.07,0.187383,0.296262,43.13,2.16,Healthcare,,,0,Taux bas (2019-2021),Low Rate (2019-2021),3.764218810659752
IPHA,2019,2019-10-17,5.9,6.05,0.025424,0.038843,0.107438,4.88,2.16,Healthcare,,,0,Taux bas (2019-2021),Low Rate (2019-2021),1.5851452198650557
ZM,2019,2019-04-18,65.0,62.0,-0.046154,0.224194,0.087903,1674.71,2.16,Tech,,,0,Taux bas (2019-2021),Low Rate (2019-2021),7.42339529494133
NFE,2019,2019-01-31,11.6341,11.4761,-0.013585,-0.213466,0.374905,47.08,2.16,Industrials,,,0,Taux bas (2019-2021),Low Rate (2019-2021),3.851848282392076
IDYA,2019,2019-05-23,14.0,11.19,-0.200714,-0.271671,-0.231457,24.06,2.16,Healthcare,,,0,Taux bas (2019-2021),Low Rate (2019-2021),3.180550710546533
BCYC,2019,2019-05-23,13.37,12.0,-0.102468,-0.2575,-0.085,13.22,2.16,Healthcare,,,0,Taux bas (2019-2021),Low Rate (2019-2021),2.5817308344235403
BBIO,2019,2019-06-27,30.61,27.55,-0.099967,-0.024319,0.088566,152.62,2.16,Healthcare,,,0,Taux bas (2019-2021),Low Rate (2019-2021),5.0279511718614875
CABA,2019,2019-10-25,9.0,10.0,0.111111,-0.089,0.135,8.74,2.16,Healthcare,,,0,Taux bas (2019-2021),Low Rate (2019-2021),2.167910189667444
PD,2019,2019-04-11,36.75,38.25,0.040816,0.391111,-0.356863,341.33,2.16,Tech,,,0,Taux bas (2019-2021),Low Rate (2019-2021),5.832849751258659
PSN,2019,2019-05-08,30.65,30.07,-0.018923,0.188227,0.410043,453.54,2.16,Tech,,,0,Taux bas (2019-2021),Low Rate (2019-2021),6.11708346853214
CRWD,2019,2019-06-12,63.5,58.0,-0.086614,0.591034,0.138448,1235.02,2.16,Tech,,,0,Taux bas (2019-2021),Low Rate (2019-2021),7.118842443262935
BTOG,2019,2019-08-15,8100.0,8280.0,0.022222,-0.01087,-0.595652,0.28,2.16,Finance,,,0,Taux bas (2019-2021),Low Rate (2019-2021),-1.2729656758128873
DYN,2020,2020-09-17,22.59,23.9,0.05799,-0.177824,-0.211715,50.36,0.38,Healthcare,,,0,Taux bas (2019-2021),Low Rate (2019-2021),3.9191972091761462
FHTX,2020,2020-10-23,19.0,18.12,-0.046316,0.213024,-0.437638,54.03,0.38,Healthcare,,,0,Taux bas (2019-2021),Low Rate (2019-2021),3.9895394478559743
ABCL,2020,2020-12-11,61.0,58.9,-0.034426,-0.316808,-0.727674,564.2,0.38,Healthcare,,,0,Taux bas (2019-2021),Low Rate (2019-2021),6.335408798567896
SDGR,2020,2020-02-06,26.0,28.64,0.101538,0.34602,0.950768,198.24,0.38,Healthcare,,,0,Taux bas (2019-2021),Low Rate (2019-2021),5.289478417880832
PMVP,2020,2020-09-25,35.0,37.51,0.071714,-0.013596,-0.109304,111.12,0.38,Healthcare,,,0,Taux bas (2019-2021),Low Rate (2019-2021),4.7106106984460885
SEER,2020,2020-12-04,48.0,56.46,0.17625,-0.005668,-0.424903,162.9,0.38,Industrials,,,0,Taux bas (2019-2021),Low Rate (2019-2021),5.093136515607999
OM,2020,2020-09-15,780.0,910.2,0.166923,-0.191496,-0.226599,277.16,0.38,Industrials,,,0,Taux bas (2019-2021),Low Rate (2019-2021),5.62459495675918
BNKK,2020,2020-10-30,227.5,210.0,-0.076923,-0.258333,-0.26,0.87,0.38,Industrials,,,0,Taux bas (2019-2021),Low Rate (2019-2021),-0.13926206733350766
LUNG,2020,2020-10-01,40.0,39.31,-0.01725,0.176545,0.135335,211.47,0.38,Industrials,,,0,Taux bas (2019-2021),Low Rate (2019-2021),5.354083144453894
ASO,2020,2020-10-02,11.6871,12.5468,0.073554,0.283295,2.210932,102.68,0.38,Consumer,,,0,Taux bas (2019-2021),Low Rate (2019-2021),4.6316173560029394
SOGP,2020,2020-01-17,104.4485,110.1302,0.054397,-0.199484,-0.789338,38.36,0.38,Tech,,,0,Taux bas (2019-2021),Low Rate (2019-2021),3.6470152500152375
WIMI,2020,2020-04-01,60.0,55.0,-0.083333,-0.189091,0.118182,9.74,0.38,Tech,,,0,Taux bas (2019-2021),Low Rate (2019-2021),2.2762411176544437
PASG,2020,2020-02-28,445.4,444.0,-0.003143,-0.153153,-0.236937,110.48,0.38,Healthcare,,,0,Taux bas (2019-2021),Low Rate (2019-2021),4.704834509101037
PCVX,2020,2020-06-12,20.8,26.15,0.257212,0.199235,-0.01262,75.45,0.38,Healthcare,,,0,Taux bas (2019-2021),Low Rate (2019-2021),4.323470185213858
RVMD,2020,2020-02-13,28.21,28.9,0.024459,-0.222145,0.365052,206.42,0.38,Healthcare,,,0,Taux bas (2019-2021),Low Rate (2019-2021),5.329912928137787
BEAM,2020,2020-02-06,24.0,18.75,-0.21875,0.034667,0.755733,140.96,0.38,Healthcare,,,0,Taux bas (2019-2021),Low Rate (2019-2021),4.94847616218787
UCL,2020,2020-06-10,22.5,17.24,-0.233778,-0.271462,-0.196636,21.34,0.38,Industrials,,,0,Taux bas (2019-2021),Low Rate (2019-2021),3.060583245873607
ONEW,2020,2020-02-07,14.3876,14.5025,0.007989,-0.668428,0.424042,20.59,0.38,Consumer,,,0,Taux bas (2019-2021),Low Rate (2019-2021),3.0248055210396982
AI,2020,2020-12-09,100.0,92.49,-0.0751,0.500162,-0.501784,2480.56,0.38,Tech,,,0,Taux bas (2019-2021),Low Rate (2019-2021),7.816239620120201
GOCO,2020,2020-07-15,375.0,291.9,-0.2216,-0.282631,-0.451182,1002.54,0.38,Finance,,,0,Taux bas (2019-2021),Low Rate (2019-2021),6.910292058634107
BDSX,2020,2020-10-28,271.8,256.2,-0.057395,0.224824,-0.141296,35.57,0.38,Healthcare,,,0,Taux bas (2019-2021),Low Rate (2019-2021),3.571502585960364
AVO,2020,2020-10-02,13.64,12.45,-0.087243,0.06747,0.82249,15.09,0.38,Industrials,,,0,Taux bas (2019-2021),Low Rate (2019-2021),2.7140322727797574
TLS,2020,2020-11-19,21.9,20.29,-0.073516,0.625431,0.384919,215.81,0.38,Tech,,,0,Taux bas (2019-2021),Low Rate (2019-2021),5.374398390953372
CRSR,2020,2020-09-23,15.12,14.25,-0.05754,0.865263,1.402105,192.92,0.38,Industrials,,,0,Taux bas (2019-2021),Low Rate (2019-2021),5.262275595200771
VITL,2020,2020-07-31,35.0,35.26,0.007429,0.038854,-0.33806,206.48,0.38,Industrials,,,0,Taux bas (2019-2021),Low Rate (2019-2021),5.330203555410359
ARQT,2020,2020-01-31,23.06,21.8,-0.05464,-0.129358,0.107339,67.61,0.38,Healthcare,,,0,Taux bas (2019-2021),Low Rate (2019-2021),4.213755901102586
IMNM,2020,2020-10-02,15.66,13.45,-0.141124,-0.147955,0.320446,7.97,0.38,Healthcare,,,0,Taux bas (2019-2021),Low Rate (2019-2021),2.075684492802124
MAX,2020,2020-10-28,23.0,31.86,0.385217,0.202134,0.177024,125.5,0.38,Consumer,,,0,Taux bas (2019-2021),Low Rate (2019-2021),4.832305758571839
WMG,2020,2020-06-03,24.0132,26.7881,0.115556,-0.014276,0.305397,839.28,0.38,Consumer,,,0,Taux bas (2019-2021),Low Rate (2019-2021),6.73254438142323
AMWL,2020,2020-09-17,510.2,461.4,-0.095649,0.181188,-0.458171,698.42,0.38,Consumer,,,0,Taux bas (2019-2021),Low Rate (2019-2021),6.548820640999671
ADCT,2020,2020-05-18,30.0,30.0,0.0,0.560333,0.135,24.59,0.38,Healthcare,,,0,Taux bas (2019-2021),Low Rate (2019-2021),3.202339856228101
KYMR,2020,2020-08-21,35.01,33.26,-0.049986,-0.156043,0.369513,135.67,0.38,Healthcare,,,0,Taux bas (2019-2021),Low Rate (2019-2021),4.910225466497217
REYN,2020,2020-01-31,22.5986,23.4614,0.038182,-0.13951,0.129894,592.12,0.38,Industrials,,,0,Taux bas (2019-2021),Low Rate (2019-2021),6.383709317045291
STEP,2020,2020-09-16,21.7537,21.9734,0.010101,0.016,0.29613,202.78,0.38,Finance,,,0,Taux bas (2019-2021),Low Rate (2019-2021),5.3121216475244335
LU,2020,2020-10-30,17.0653,18.9043,0.107759,0.031907,-0.256809,143.6,0.38,Finance,,,0,Taux bas (2019-2021),Low Rate (2019-2021),4.9670316566141235
KROS,2020,2020-04-08,20.85,20.08,-0.03693,0.360558,2.912849,22.18,0.38,Healthcare,,,0,Taux bas (2019-2021),Low Rate (2019-2021),3.099190981922221
IKT,2020,2020-12-23,64.02,59.4,-0.072165,-0.30303,-0.755556,47.96,0.38,Healthcare,,,0,Taux bas (2019-2021),Low Rate (2019-2021),3.8703673301593136
ZCMD,2020,2020-02-25,304.0,322.4,0.060526,-0.416873,-0.563275,0.89,0.38,Other,,,0,Taux bas (2019-2021),Low Rate (2019-2021),-0.11653381625595151
EBC,2020,2020-10-15,10.7121,10.6246,-0.008163,0.212346,0.729732,422.97,0.38,Finance,,,0,Taux bas (2019-2021),Low Rate (2019-2021),6.0473012545453795
OCG,2020,2020-12-15,6684.0276,6416.6665,-0.04,-0.183333,-0.273333,8.03,0.38,Consumer,,,0,Taux bas (2019-2021),Low Rate (2019-2021),2.0831845279586703
ROOT,2020,2020-10-28,468.0,486.0,0.038462,-0.480741,-0.664074,413.14,0.38,Finance,,,0,Taux bas (2019-2021),Low Rate (2019-2021),6.023786518570106
GFL,2020,2020-03-03,17.3435,16.6497,-0.04,-0.115476,0.299728,250.15,0.38,Industrials,,,0,Taux bas (2019-2021),Low Rate (2019-2021),5.522060737934214
MNSO,2020,2020-10-15,21.9744,18.8044,-0.144262,-0.037356,0.005747,477.03,0.38,Consumer,,,0,Taux bas (2019-2021),Low Rate (2019-2021),6.167579381992415
CERT,2020,2020-12-11,29.9,38.08,0.273579,-0.114496,-0.223477,602.52,0.38,Tech,,,0,Taux bas (2019-2021),Low Rate (2019-2021),6.401120859834615
FOUR,2020,2020-06-05,33.1,33.54,0.013293,0.134466,1.421586,404.31,0.38,Consumer,,,0,Taux bas (2019-2021),Low Rate (2019-2021),6.002181910449178
HUIZ,2020,2020-02-12,53.25,50.0,-0.061033,-0.06,-0.267,23.67,0.38,Finance,,,0,Taux bas (2019-2021),Low Rate (2019-2021),3.1642084235258925
HYFM,2020,2020-12-10,460.0,519.9,0.130217,0.011348,-0.195038,306.17,0.38,Consumer,,,0,Taux bas (2019-2021),Low Rate (2019-2021),5.72414050324408
SNOW,2020,2020-09-16,245.0,253.93,0.036449,0.072894,-0.073564,8844.43,0.38,Tech,,,0,Taux bas (2019-2021),Low Rate (2019-2021),9.087543161329092
BQ,2020,2020-09-30,2000.0,1440.0,-0.28,-0.244444,-0.333333,64.65,0.38,Consumer,,,0,Taux bas (2019-2021),Low Rate (2019-2021),4.168988105217867
FTHM,2020,2020-07-31,11.5,10.03,-0.127826,0.692921,2.408774,23.21,0.38,Finance,,,0,Taux bas (2019-2021),Low Rate (2019-2021),3.1445832202863455
RKT,2020,2020-08-06,15.1239,18.0731,0.195,0.035332,0.107071,1688.31,0.38,Finance,,,0,Taux bas (2019-2021),Low Rate (2019-2021),7.431483307583536
PUBM,2020,2020-12-09,25.12,29.45,0.172373,-0.050594,-0.103565,216.24,0.38,Tech,,,0,Taux bas (2019-2021),Low Rate (2019-2021),5.376388901968192
OLMA,2020,2020-11-19,45.0,49.0,0.088889,-0.018775,-0.52,68.63,0.38,Healthcare,,,0,Taux bas (2019-2021),Low Rate (2019-2021),4.2287297569205435
RXT,2020,2020-08-05,16.98,16.39,-0.034747,0.135449,0.556437,444.53,0.38,Tech,,,0,Taux bas (2019-2021),Low Rate (2019-2021),6.09701754424006
FUBO,2020,2020-01-02,114.96,119.64,0.04071,-0.102307,-0.097292,0.01,0.38,Consumer,,,0,Taux bas (2019-2021),Low Rate (2019-2021),-4.605170185988091
LONA,2020,2020-09-18,199.5,171.1,-0.142356,0.055523,0.1654,64.1,0.38,Healthcare,,,0,Taux bas (2019-2021),Low Rate (2019-2021),4.160444363926624
HRMY,2020,2020-08-19,39.99,37.01,-0.074519,-0.114564,-0.216698,152.07,0.38,Healthcare,,,0,Taux bas (2019-2021),Low Rate (2019-2021),5.024340941152368
U,2020,2020-09-18,75.0,68.35,-0.088667,0.388149,0.382004,1546.58,0.38,Tech,,,0,Taux bas (2019-2021),Low Rate (2019-2021),7.343801320499442
IH,2020,2020-10-09,10.8602,14.3368,0.320132,0.6125,-0.3525,49.69,0.38,Other,,,0,Taux bas (2019-2021),Low Rate (2019-2021),3.905803705614229
ANVS,2020,2020-01-29,6.63,9.59,0.446456,-0.627737,-0.464025,22.45,0.38,Healthcare,,,0,Taux bas (2019-2021),Low Rate (2019-2021),3.1112906141882632
VMAR,2020,2020-11-24,595620.0,779760.0,0.309157,-0.06856,-0.518006,45.86,0.38,Industrials,,,0,Taux bas (2019-2021),Low Rate (2019-2021),3.8255932774297583
TARS,2020,2020-10-16,16.2,20.58,0.27037,0.174441,0.433431,20.35,0.38,Healthcare,,,0,Taux bas (2019-2021),Low Rate (2019-2021),3.013080911888604
NKTX,2020,2020-07-10,54.45,47.9,-0.120294,-0.458246,-0.149896,71.73,0.38,Healthcare,,,0,Taux bas (2019-2021),Low Rate (2019-2021),4.272909070138343
NREF,2020,2020-02-07,8.9034,8.8097,-0.010526,-0.586267,-0.173191,10.25,0.38,Finance,,,0,Taux bas (2019-2021),Low Rate (2019-2021),2.327277705584417
API,2020,2020-06-26,45.0,50.5,0.122222,-0.257426,0.141386,346.74,0.38,Tech,,,0,Taux bas (2019-2021),Low Rate (2019-2021),5.848575219557742
TSHA,2020,2020-09-24,22.24,24.06,0.081835,-0.140482,-0.083957,57.6,0.38,Healthcare,,,0,Taux bas (2019-2021),Low Rate (2019-2021),4.053522567701846
DMRA,2020,2020-10-29,375.0,375.0,0.0,-0.060667,-0.7,19.97,0.38,Healthcare,,,0,Taux bas (2019-2021),Low Rate (2019-2021),2.994231147427724
VVOS,2020,2020-12-11,176.75,224.75,0.27157,-0.342603,-0.572859,34.07,0.38,Industrials,,,0,Taux bas (2019-2021),Low Rate (2019-2021),3.5284172316728752
UPST,2020,2020-12-16,26.0,29.47,0.133462,0.382762,6.266373,349.95,0.38,Finance,,,0,Taux bas (2019-2021),Low Rate (2019-2021),5.857790287135549
ELUT,2020,2020-10-08,17.32,14.5,-0.162818,-0.153103,-0.281379,35.4,0.38,Healthcare,,,0,Taux bas (2019-2021),Low Rate (2019-2021),3.5667118201397288
STTK,2020,2020-10-09,22.0,19.35,-0.120455,0.683721,0.516279,99.8,0.38,Healthcare,,,0,Taux bas (2019-2021),Low Rate (2019-2021),4.603168183317418
DCBO,2020,2020-12-03,51.01,50.0,-0.0198,0.3018,0.3732,29.81,0.38,Tech,,,0,Taux bas (2019-2021),Low Rate (2019-2021),3.39484390768998
ANNX,2020,2020-07-24,17.4,17.76,0.02069,0.412725,0.538851,85.5,0.38,Healthcare,,,0,Taux bas (2019-2021),Low Rate (2019-2021),4.448516375942715
ARRY,2020,2020-10-15,29.5,36.45,0.235593,0.292455,-0.570919,1001.92,0.38,Industrials,,,0,Taux bas (2019-2021),Low Rate (2019-2021),6.909673438138041
LMND,2020,2020-07-02,50.06,69.41,0.386536,-0.08918,0.525428,919.7,0.38,Finance,,,0,Taux bas (2019-2021),Low Rate (2019-2021),6.824047529908652
FDMT,2020,2020-12-11,40.0,40.5,0.0125,0.023457,-0.275802,145.98,0.38,Healthcare,,,0,Taux bas (2019-2021),Low Rate (2019-2021),4.983469626023486
EBON,2020,2020-06-26,138.0,150.0,0.086957,-0.044,0.232,3.19,0.38,Finance,,,0,Taux bas (2019-2021),Low Rate (2019-2021),1.1600209167967532
CMPS,2020,2020-09-18,23.4,29.0,0.239316,0.103448,0.196552,70.19,0.38,Healthcare,,,0,Taux bas (2019-2021),Low Rate (2019-2021),4.2512058507423305
GLSI,2020,2020-09-25,5.75,5.0,-0.130435,-0.223,6.812,2.64,0.38,Healthcare,,,0,Taux bas (2019-2021),Low Rate (2019-2021),0.9707789171582248
RPRX,2020,2020-06-16,38.7097,39.1496,0.011364,-0.032584,0.066239,1069.13,0.38,Healthcare,,,0,Taux bas (2019-2021),Low Rate (2019-2021),6.974600512611628
NTST,2020,2020-08-13,14.0046,13.8101,-0.013889,-0.006326,0.201526,61.02,0.38,Finance,,,0,Taux bas (2019-2021),Low Rate (2019-2021),4.1112016792885235
GDRX,2020,2020-09-23,46.7,50.5,0.08137,0.0,-0.217624,1061.23,0.38,Tech,,,0,Taux bas (2019-2021),Low Rate (2019-2021),6.96718389174715
SQFT,2020,2020-10-07,34.9363,33.4807,-0.041667,-0.228261,-0.045764,0.11,0.38,Finance,,,0,Taux bas (2019-2021),Low Rate (2019-2021),-2.2072749131897207
ALXO,2020,2020-07-17,37.5,30.0,-0.2,0.475,1.193333,59.81,0.38,Healthcare,,,0,Taux bas (2019-2021),Low Rate (2019-2021),4.091172871056465
NNOX,2020,2020-08-21,20.34,21.7,0.066863,0.820276,0.546083,206.13,0.38,Industrials,,,0,Taux bas (2019-2021),Low Rate (2019-2021),5.328507037711094
WNW,2020,2020-12-15,558600.0,843500.0,0.510025,2.114523,-0.590041,3.91,0.38,Industrials,,,0,Taux bas (2019-2021),Low Rate (2019-2021),1.3635373739972745
BEKE,2020,2020-08-13,32.5398,34.7487,0.067884,0.521635,0.463942,1610.47,0.38,Finance,,,0,Taux bas (2019-2021),Low Rate (2019-2021),7.384281340842399
PLTR,2020,2020-09-30,10.0,9.5,-0.05,0.68,1.544211,3385.84,0.38,Tech,,,0,Taux bas (2019-2021),Low Rate (2019-2021),8.127357308180265
LEGN,2020,2020-06-05,37.01,37.0,-0.00027,-0.045405,-0.322973,318.52,0.38,Healthcare,,,0,Taux bas (2019-2021),Low Rate (2019-2021),5.763685267389244
MEG,2020,2020-07-23,16.5,22.0,0.333333,0.328182,1.470454,83.19,0.38,Other,,,0,Taux bas (2019-2021),Low Rate (2019-2021),4.421127148295796
KC,2020,2020-05-08,20.37,23.84,0.170349,0.123322,0.783138,308.86,0.38,Tech,,,0,Taux bas (2019-2021),Low Rate (2019-2021),5.732888099794855
PRFX,2020,2020-09-01,2325.0,2022.0,-0.130323,-0.324926,-0.642433,6.41,0.38,Healthcare,,,0,Taux bas (2019-2021),Low Rate (2019-2021),1.8578592709325787
XPEV,2020,2020-08-27,23.1,21.22,-0.081385,-0.057493,0.243167,1899.28,0.38,Industrials,,,0,Taux bas (2019-2021),Low Rate (2019-2021),7.549230145967413
CCCC,2020,2020-10-02,26.6,25.49,-0.041729,0.013339,0.654767,51.94,0.38,Healthcare,,,0,Taux bas (2019-2021),Low Rate (2019-2021),3.9500892062346025
CMRC,2020,2020-08-05,68.0,72.27,0.062794,0.024076,-0.179327,796.62,0.38,Tech,,,0,Taux bas (2019-2021),Low Rate (2019-2021),6.680377777135866
PLRX,2020,2020-06-03,25.0,21.3,-0.148,0.148826,0.358216,106.73,0.38,Healthcare,,,0,Taux bas (2019-2021),Low Rate (2019-2021),4.670302280925873
NBP,2020,2020-01-17,14.75,12.5,-0.152542,0.048,2.0576,56.5,0.38,Healthcare,,,0,Taux bas (2019-2021),Low Rate (2019-2021),4.034240638152395
ZNTL,2020,2020-04-03,25.0,23.2,-0.072,0.709052,1.241379,47.88,0.38,Healthcare,,,0,Taux bas (2019-2021),Low Rate (2019-2021),3.8686978806897723
GP,2020,2020-08-28,220.0,210.0,-0.045455,-0.399524,-0.216667,40.77,0.38,Industrials,,,0,Taux bas (2019-2021),Low Rate (2019-2021),3.707946516831162
AVIR,2020,2020-10-30,27.03,30.34,0.122457,0.023072,-0.242254,96.65,0.38,Healthcare,,,0,Taux bas (2019-2021),Low Rate (2019-2021),4.57109620565434
LESL,2020,2020-10-29,413.4,434.0,0.049831,-0.064055,0.176037,441.39,0.38,Consumer,,,0,Taux bas (2019-2021),Low Rate (2019-2021),6.089928838377966
VERX,2020,2020-07-29,25.56,23.93,-0.063771,-0.017551,-0.139574,411.38,0.38,Tech,,,0,Taux bas (2019-2021),Low Rate (2019-2021),6.019517361550017
NCNO,2020,2020-07-14,71.0,91.59,0.29,-0.025767,-0.272628,747.4,0.38,Tech,,,0,Taux bas (2019-2021),Low Rate (2019-2021),6.616600517051383
SHC,2020,2020-11-20,27.0,25.1,-0.07037,0.093227,-0.055777,516.5,0.38,Healthcare,,,0,Taux bas (2019-2021),Low Rate (2019-2021),6.247075288559693
ABNB,2020,2020-12-10,146.0,144.71,-0.008836,0.014443,-0.014235,10285.33,0.38,Tech,,,0,Taux bas (2019-2021),Low Rate (2019-2021),9.238473887133825
MRVI,2020,2020-11-20,31.95,29.85,-0.065728,-0.060302,0.473032,647.3,0.38,Healthcare,,,0,Taux bas (2019-2021),Low Rate (2019-2021),6.472809865551464
IVA,2020,2020-07-10,15.13,13.42,-0.11302,-0.114009,-0.064829,36.39,0.38,Healthcare,,,0,Taux bas (2019-2021),Low Rate (2019-2021),3.5942940116240685
SLQT,2020,2020-05-21,26.2,27.0,0.030534,-0.05037,-0.154074,533.67,0.38,Finance,,,0,Taux bas (2019-2021),Low Rate (2019-2021),6.279777670405288
LSPD,2020,2020-09-11,32.0,30.25,-0.054688,0.135207,1.326281,91.11,0.38,Tech,,,0,Taux bas (2019-2021),Low Rate (2019-2021),4.512067567725767
NBTX,2020,2020-12-11,18.15,16.98,-0.064463,-0.028269,-0.267786,11.33,0.38,Healthcare,,,0,Taux bas (2019-2021),Low Rate (2019-2021),2.427454075039915
BSY,2020,2020-09-23,27.3534,32.7166,0.196071,0.057331,0.776501,217.03,0.38,Tech,,,0,Taux bas (2019-2021),Low Rate (2019-2021),5.380035592832894
DASH,2020,2020-12-09,182.0,189.51,0.041264,-0.246742,0.011187,4618.01,0.38,Consumer,,,0,Taux bas (2019-2021),Low Rate (2019-2021),8.437719155351681
VEL,2020,2020-01-17,13.85,13.51,-0.024549,0.024426,-0.645448,47.62,0.38,Finance,,,0,Taux bas (2019-2021),Low Rate (2019-2021),3.8632528410587166
FROG,2020,2020-09-16,71.27,64.79,-0.090922,0.148943,-0.370891,1032.93,0.38,Tech,,,0,Taux bas (2019-2021),Low Rate (2019-2021),6.940154703028797
EDTK,2020,2020-07-23,5.35,4.75,-0.11215,-0.189474,-0.254737,12.7,0.38,Other,,,0,Taux bas (2019-2021),Low Rate (2019-2021),2.5416019934645457
PYPD,2020,2020-06-26,480.0,570.0,0.1875,-0.252105,-0.454737,42.67,0.38,Industrials,,,0,Taux bas (2019-2021),Low Rate (2019-2021),3.7534960971999087
YALA,2020,2020-09-30,9.75,7.0,-0.282051,0.315714,1.751429,129.03,0.38,Tech,,,0,Taux bas (2019-2021),Low Rate (2019-2021),4.860044935463755
YQ,2020,2020-12-04,210.0,211.4,0.006667,0.211921,-0.897824,135.97,0.38,Other,,,0,Taux bas (2019-2021),Low Rate (2019-2021),4.9124342731675945
AMST,2020,2020-09-25,59.4,62.64,0.054545,-0.210728,-0.559387,10.47,0.38,Tech,,,0,Taux bas (2019-2021),Low Rate (2019-2021),2.3485140248824456
PRAX,2020,2020-10-16,389.1,417.0,0.071704,0.491367,-0.276978,112.17,0.38,Healthcare,,,0,Taux bas (2019-2021),Low Rate (2019-2021),4.720015577657132
ELVN,2020,2020-03-12,56.0,60.0,0.071429,0.068,0.37,6.38,0.38,Healthcare,,,0,Taux bas (2019-2021),Low Rate (2019-2021),1.8531680973566984
MASS,2020,2020-12-18,45.51,49.0,0.076686,0.162245,-0.281633,191.95,0.38,Industrials,,,0,Taux bas (2019-2021),Low Rate (2019-2021),5.257234921446806
YSG,2020,2020-11-19,87.55,92.0,0.050828,-0.076087,-0.633696,626.2,0.38,Industrials,,,0,Taux bas (2019-2021),Low Rate (2019-2021),6.4396698088923054
BDTX,2020,2020-01-31,37.04,37.5,0.012419,-0.471733,-0.0992,20.38,0.38,Healthcare,,,0,Taux bas (2019-2021),Low Rate (2019-2021),3.0145540277945786
LXEH,2020,2020-10-01,200.0,150.0,-0.25,0.157333,0.362667,0.9,0.38,Other,,,0,Taux bas (2019-2021),Low Rate (2019-2021),-0.10536051565782628
LI,2020,2020-07-30,15.49,16.46,0.062621,-0.015188,0.4113,1000.83,0.38,Industrials,,,0,Taux bas (2019-2021),Low Rate (2019-2021),6.908584934722614
ALGM,2020,2020-10-29,19.4,17.7,-0.087629,0.473446,0.530508,215.31,0.38,Industrials,,,0,Taux bas (2019-2021),Low Rate (2019-2021),5.37207885011009
ASAN,2020,2020-09-30,27.0,28.8,0.066667,-0.251736,0.42882,1102.3,0.38,Tech,,,0,Taux bas (2019-2021),Low Rate (2019-2021),7.005154184969269
ORIC,2020,2020-04-24,26.0,25.77,-0.008846,0.469538,0.293364,96.18,0.38,Healthcare,,,0,Taux bas (2019-2021),Low Rate (2019-2021),4.566221435849517
PRLD,2020,2020-09-25,25.23,26.2,0.038446,0.674427,0.143511,71.35,0.38,Healthcare,,,0,Taux bas (2019-2021),Low Rate (2019-2021),4.267597343922845
ACI,2020,2020-06-26,10.2222,10.1892,-0.003226,-0.005178,0.163384,381.18,0.38,Consumer,,,0,Taux bas (2019-2021),Low Rate (2019-2021),5.943271704506497
MRM,2020,2020-12-29,19.8,15.11,-0.236869,-0.046989,-0.562541,13.41,0.38,Tech,,,0,Taux bas (2019-2021),Low Rate (2019-2021),2.596000697293587
SDOT,2020,2020-02-13,469.8,386.0,-0.178374,-0.494819,-0.603627,1.25,0.38,Consumer,,,0,Taux bas (2019-2021),Low Rate (2019-2021),0.22314355131420976
RLAY,2020,2020-07-16,34.845,35.05,0.005883,0.036519,0.014836,247.12,0.38,Healthcare,,,0,Taux bas (2019-2021),Low Rate (2019-2021),5.509874048610326
LTRN,2020,2020-06-11,14.8,14.95,0.010135,-0.159933,0.161204,20.03,0.38,Healthcare,,,0,Taux bas (2019-2021),Low Rate (2019-2021),2.997231149677727
IBEX,2020,2020-08-07,18.0,15.4,-0.144444,-0.366234,0.62013,48.2,0.38,Tech,,,0,Taux bas (2019-2021),Low Rate (2019-2021),3.8753590210565547
BCAB,2020,2020-12-16,1527.5,1551.0,0.015385,0.096389,0.31528,124.26,0.38,Healthcare,,,0,Taux bas (2019-2021),Low Rate (2019-2021),4.822376144635548
NRIX,2020,2020-07-24,18.06,19.01,0.052602,0.329826,0.887954,102.93,0.38,Healthcare,,,0,Taux bas (2019-2021),Low Rate (2019-2021),4.6340491455384685
ALGS,2020,2020-10-16,435.0,371.25,-0.146552,0.259933,0.80404,48.05,0.38,Healthcare,,,0,Taux bas (2019-2021),Low Rate (2019-2021),3.8722421354163012
BNR,2020,2020-06-12,228.0,246.3,0.080263,0.097036,0.282176,114.49,0.38,Healthcare,,,0,Taux bas (2019-2021),Low Rate (2019-2021),4.740487482935721
BNL,2020,2020-09-17,11.6143,11.4735,-0.012121,0.027794,0.383651,94.58,0.38,Finance,,,0,Taux bas (2019-2021),Low Rate (2019-2021),4.54944603721573
LSF,2020,2020-09-23,33.55,40.8,0.216095,0.169853,-0.205637,66.37,0.38,Industrials,,,0,Taux bas (2019-2021),Low Rate (2019-2021),4.195245147157833
ZVIA,2021,2021-07-22,12.5,13.65,0.092,0.12674,-0.665201,58.33,0.08,Industrials,,,0,Taux bas (2019-2021),Low Rate (2019-2021),4.066116540765546
XMTR,2021,2021-06-30,67.01,87.39,0.304134,-0.08216,-0.491361,309.36,0.08,Consumer,,,0,Taux bas (2019-2021),Low Rate (2019-2021),5.734505647299041
RENT,2021,2021-10-27,460.0,385.8,-0.161304,-0.42872,-0.817522,211.12,0.08,Consumer,,,0,Taux bas (2019-2021),Low Rate (2019-2021),5.352426692195069
IVVD,2021,2021-08-06,21.0,20.88,-0.005714,1.214081,-0.849617,68.18,0.08,Healthcare,,,0,Taux bas (2019-2021),Low Rate (2019-2021),4.222151266709757
ACXP,2021,2021-06-25,119.0,157.8,0.32605,-0.390368,-0.547529,86.96,0.08,Healthcare,,,0,Taux bas (2019-2021),Low Rate (2019-2021),4.465448242812954
FA,2021,2021-06-23,17.8768,17.7418,-0.007557,-0.046193,-0.17868,151.79,0.08,Tech,,,0,Taux bas (2019-2021),Low Rate (2019-2021),5.022497986638768
TOST,2021,2021-09-22,65.26,62.51,-0.042139,0.007679,-0.7498,930.32,0.08,Tech,,,0,Taux bas (2019-2021),Low Rate (2019-2021),6.835528612984787
IMRX,2021,2021-07-30,19.5,17.59,-0.097949,0.329733,-0.598067,18.37,0.08,Healthcare,,,0,Taux bas (2019-2021),Low Rate (2019-2021),2.9107188992270343
EWCZ,2021,2021-08-05,16.9942,19.1319,0.125789,0.415147,0.391304,77.62,0.08,Tech,,,0,Taux bas (2019-2021),Low Rate (2019-2021),4.35182512594076
HCWB,2021,2021-07-20,300.0,252.0,-0.16,-0.369841,-0.609524,24.19,0.08,Healthcare,,,0,Taux bas (2019-2021),Low Rate (2019-2021),3.185939324621936
DOCS,2021,2021-06-24,41.17,53.0,0.287345,-0.012075,0.071132,712.48,0.08,Tech,,,0,Taux bas (2019-2021),Low Rate (2019-2021),6.568751841573392
KTTA,2021,2021-09-15,80.0,71.2,-0.11,-0.168539,-0.766011,13.56,0.08,Healthcare,,,0,Taux bas (2019-2021),Low Rate (2019-2021),2.6071242825122494
BLZE,2021,2021-11-11,19.0,19.9,0.047368,-0.067337,-0.737688,143.29,0.08,Tech,,,0,Taux bas (2019-2021),Low Rate (2019-2021),4.964870548728511
BON,2021,2021-06-24,1575.0,1800.0,0.142857,0.777778,-0.444444,33.9,0.08,Healthcare,,,0,Taux bas (2019-2021),Low Rate (2019-2021),3.5234150143864045
CNTX,2021,2021-10-20,4.44,5.1,0.148649,0.123529,-0.568627,48.73,0.08,Healthcare,,,0,Taux bas (2019-2021),Low Rate (2019-2021),3.8862948568554145
OLPX,2021,2021-09-30,25.0,24.5,-0.02,0.03102,-0.329796,927.56,0.08,Industrials,,,0,Taux bas (2019-2021),Low Rate (2019-2021),6.8325574824162345
SG,2021,2021-11-18,52.0,49.5,-0.048077,-0.353535,-0.695758,597.46,0.08,Consumer,,,0,Taux bas (2019-2021),Low Rate (2019-2021),6.392687335958014
IHS,2021,2021-10-14,17.65,17.0,-0.036827,-0.151765,-0.346471,188.89,0.08,Industrials,,,0,Taux bas (2019-2021),Low Rate (2019-2021),5.241164835043728
MXCT,2021,2021-07-30,16.99,17.0,0.000589,-0.099412,-0.647647,53.05,0.08,Other,,,0,Taux bas (2019-2021),Low Rate (2019-2021),3.971234865059992
NU,2021,2021-12-09,11.25,10.33,-0.081778,-0.091965,-0.512101,1014.31,0.08,Finance,,,0,Taux bas (2019-2021),Low Rate (2019-2021),6.921963857349421
CGTX,2021,2021-10-08,12.15,12.77,0.051029,-0.192639,-0.870008,30.54,0.08,Healthcare,,,0,Taux bas (2019-2021),Low Rate (2019-2021),3.4190372997904865
AURA,2021,2021-10-29,14.1,14.8,0.049645,0.111487,0.023649,22.19,0.08,Healthcare,,,0,Taux bas (2019-2021),Low Rate (2019-2021),3.0996417369445024
TNYA,2021,2021-07-30,19.5,15.35,-0.21282,0.452769,-0.09316,39.9,0.08,Healthcare,,,0,Taux bas (2019-2021),Low Rate (2019-2021),3.686376323895818
SERA,2021,2021-07-15,15.01,11.9,-0.207195,-0.163866,-0.683193,49.59,0.08,Healthcare,,,0,Taux bas (2019-2021),Low Rate (2019-2021),3.9037892005010426
RPC,2021,2021-10-21,11.4009,11.4578,0.004992,0.187914,-0.0771,69.21,0.08,Finance,,,0,Taux bas (2019-2021),Low Rate (2019-2021),4.237145360853772
IINN,2021,2021-07-14,5.0,4.75,-0.05,-0.277895,-0.376842,33.11,0.08,Industrials,,,0,Taux bas (2019-2021),Low Rate (2019-2021),3.4998353515591547
ACT,2021,2021-09-16,16.1156,16.5104,0.0245,0.125427,0.265334,55.04,0.08,Finance,,,0,Taux bas (2019-2021),Low Rate (2019-2021),4.008060193625088
RLYB,2021,2021-07-29,119.36,112.8,-0.05496,-0.191489,-0.426241,10.01,0.08,Healthcare,,,0,Taux bas (2019-2021),Low Rate (2019-2021),2.303584593327129
DUOL,2021,2021-07-28,141.4,134.255,-0.05053,0.264385,-0.291647,408.35,0.08,Tech,,,0,Taux bas (2019-2021),Low Rate (2019-2021),6.012124649804285
VEEE,2021,2021-07-21,67.0,74.9,0.11791,-0.432577,-0.483311,78.09,0.08,Industrials,,,0,Taux bas (2019-2021),Low Rate (2019-2021),4.3578620076745835
DDL,2021,2021-06-29,28.0,23.52,-0.16,-0.121173,-0.778486,69.2,0.08,Consumer,,,0,Taux bas (2019-2021),Low Rate (2019-2021),4.237000862623624
PECO,2021,2021-02-25,4.8859,4.8859,0.0,0.0,4.654976,0.05,0.08,Finance,,,0,Taux bas (2019-2021),Low Rate (2019-2021),-2.995732273553991
IMMX,2021,2021-12-16,5.0,3.67,-0.266,-0.029973,-0.403815,10.09,0.08,Healthcare,,,0,Taux bas (2019-2021),Low Rate (2019-2021),2.3115448343655176
MDXH,2021,2021-11-04,12.15,12.0,-0.012346,-0.228333,-0.416667,10.57,0.08,Healthcare,,,0,Taux bas (2019-2021),Low Rate (2019-2021),2.3580197998821464
CYN,2021,2021-10-20,120150.0,111000.0,-0.076155,-0.208108,-0.833784,13.46,0.08,Tech,,,0,Taux bas (2019-2021),Low Rate (2019-2021),2.599722324216582
INKT,2021,2021-10-15,120.4,120.0,-0.003322,0.106667,-0.874167,8.56,0.08,Healthcare,,,0,Taux bas (2019-2021),Low Rate (2019-2021),2.1471001901536506
SRAD,2021,2021-09-14,27.0,25.05,-0.072222,-0.128144,-0.65509,346.12,0.08,Tech,,,0,Taux bas (2019-2021),Low Rate (2019-2021),5.846785535738538
YOU,2021,2021-06-30,34.2017,35.4882,0.037614,0.31775,-0.434,308.33,0.08,Tech,,,0,Taux bas (2019-2021),Low Rate (2019-2021),5.731170637975067
BLND,2021,2021-07-16,20.0,20.9,0.045,-0.238277,-0.707655,203.21,0.08,Tech,,,0,Taux bas (2019-2021),Low Rate (2019-2021),5.314239927091852
CXM,2021,2021-06-23,14.6,17.6,0.205479,0.057955,-0.282386,236.31,0.08,Tech,,,0,Taux bas (2019-2021),Low Rate (2019-2021),5.4651445023833425
FWRG,2021,2021-10-01,21.0,22.13,0.053809,-0.093538,-0.32761,76.69,0.08,Consumer,,,0,Taux bas (2019-2021),Low Rate (2019-2021),4.339771321776768
CMTG,2021,2021-11-03,12.0404,12.6819,0.053284,-0.052353,0.055253,39.03,0.08,Finance,,,0,Taux bas (2019-2021),Low Rate (2019-2021),3.6643305811925235
RPID,2021,2021-07-15,22.5,21.4,-0.048889,0.046729,-0.675701,82.17,0.08,Industrials,,,0,Taux bas (2019-2021),Low Rate (2019-2021),4.408790271943096
SOPH,2021,2021-07-23,18.45,16.76,-0.091599,0.161098,-0.534606,47.37,0.08,Tech,,,0,Taux bas (2019-2021),Low Rate (2019-2021),3.85798911693566
NXGL,2021,2021-12-22,4.4,3.52,-0.2,-0.258523,-0.480114,10.25,0.08,Industrials,,,0,Taux bas (2019-2021),Low Rate (2019-2021),2.327277705584417
BTBD,2021,2021-11-12,5.2,4.4,-0.153846,-0.268182,-0.513636,2.21,0.08,Consumer,,,0,Taux bas (2019-2021),Low Rate (2019-2021),0.7929925155296614
TIVC,2021,2021-11-11,10200.0,8823.0,-0.135,-0.263969,-0.579961,15.61,0.08,Industrials,,,0,Taux bas (2019-2021),Low Rate (2019-2021),2.7479117345273405
ARHS,2021,2021-11-04,11.5116,11.7879,0.024,-0.099219,-0.632031,66.71,0.08,Consumer,,,0,Taux bas (2019-2021),Low Rate (2019-2021),4.200354866721424
ATLN,2021,2021-08-27,138.0,181.6,0.315942,-0.22467,-0.780837,21.19,0.08,Tech,,,0,Taux bas (2019-2021),Low Rate (2019-2021),3.0535293722802077
GIPR,2021,2021-10-05,6.6261,6.6261,0.0,-0.209045,-0.233777,0.02,0.08,Finance,,,0,Taux bas (2019-2021),Low Rate (2019-2021),-3.912023005428146
RYAN,2021,2021-07-22,25.0307,26.8884,0.074219,0.225091,0.410545,397.79,0.08,Finance,,,0,Taux bas (2019-2021),Low Rate (2019-2021),5.985924227843468
CVRX,2021,2021-06-30,26.25,28.0,0.066667,-0.280714,-0.7475,74.97,0.08,Industrials,,,0,Taux bas (2019-2021),Low Rate (2019-2021),4.31708803351497
BROS,2021,2021-09-15,32.5,36.68,0.128615,0.850327,-0.160305,507.67,0.08,Consumer,,,0,Taux bas (2019-2021),Low Rate (2019-2021),6.229831630193678
AIP,2021,2021-10-27,16.51,18.2,0.102362,0.384066,-0.595604,30.71,0.08,Industrials,,,0,Taux bas (2019-2021),Low Rate (2019-2021),3.424588334452731
TYRA,2021,2021-09-15,29.9,26.0,-0.130435,-0.135769,-0.677308,45.03,0.08,Healthcare,,,0,Taux bas (2019-2021),Low Rate (2019-2021),3.8073289343134804
RGC,2021,2021-07-16,0.3158,0.2763,-0.124998,1.858094,1.860949,11.47,0.08,Healthcare,,,0,Taux bas (2019-2021),Low Rate (2019-2021),2.4397349311412793
NUVL,2021,2021-07-29,18.1,18.75,0.035912,1.019733,-0.3248,42.4,0.08,Healthcare,,,0,Taux bas (2019-2021),Low Rate (2019-2021),3.7471483622379123
FINW,2021,2021-11-19,12.5,12.73,0.0184,0.083268,-0.220738,19.52,0.08,Finance,,,0,Taux bas (2019-2021),Low Rate (2019-2021),2.9714395809849465
DRMA,2021,2021-08-13,13920.0,12456.0,-0.105172,-0.017341,-0.755299,5.48,0.08,Healthcare,,,0,Taux bas (2019-2021),Low Rate (2019-2021),1.7011051009599243
AMPL,2021,2021-09-28,50.0,54.8,0.096,0.547445,-0.656569,576.72,0.08,Tech,,,0,Taux bas (2019-2021),Low Rate (2019-2021),6.357356880096323
TCBX,2021,2021-11-09,26.0,25.01,-0.038077,0.059576,-0.134346,26.44,0.08,Finance,,,0,Taux bas (2019-2021),Low Rate (2019-2021),3.2748780149834857
CURV,2021,2021-07-01,23.25,24.15,0.03871,0.227743,-0.668737,138.55,0.08,Consumer,,,0,Taux bas (2019-2021),Low Rate (2019-2021),4.931231271308987
GHRS,2021,2021-06-25,22.0,19.25,-0.125,-0.042078,-0.195844,36.31,0.08,Healthcare,,,0,Taux bas (2019-2021),Low Rate (2019-2021),3.5920931854262443
CTKB,2021,2021-07-23,20.1,18.76,-0.066667,0.291578,-0.420043,63.8,0.08,Industrials,,,0,Taux bas (2019-2021),Low Rate (2019-2021),4.155753190350744
QUCY,2021,2021-11-05,24.77,26.46,0.068228,-0.659864,-0.644747,33.54,0.08,Healthcare,,,0,Taux bas (2019-2021),Low Rate (2019-2021),3.5127387563950627
RNXT,2021,2021-08-26,8.25,7.26,-0.12,-0.213499,-0.761708,14.51,0.08,Healthcare,,,0,Taux bas (2019-2021),Low Rate (2019-2021),2.6748380668960965
SGHT,2021,2021-07-15,30.0,33.5,0.116667,0.017313,-0.559701,175.27,0.08,Industrials,,,0,Taux bas (2019-2021),Low Rate (2019-2021),5.1663276420850845
CDRE,2021,2021-11-04,14.2137,14.4885,0.019333,0.352632,0.32152,23.8,0.08,Industrials,,,0,Taux bas (2019-2021),Low Rate (2019-2021),3.169685580677429
TRDA,2021,2021-10-29,26.5,23.95,-0.096226,-0.169102,-0.508559,28.33,0.08,Healthcare,,,0,Taux bas (2019-2021),Low Rate (2019-2021),3.3439213138424253
CPOP,2021,2021-06-30,122.6,303.0,1.471452,-0.851155,-0.958086,43.87,0.08,Consumer,,,0,Taux bas (2019-2021),Low Rate (2019-2021),3.7812307151781224
FRSH,2021,2021-09-22,43.25,47.55,0.099422,-0.094427,-0.677813,871.15,0.08,Tech,,,0,Taux bas (2019-2021),Low Rate (2019-2021),6.7698141778689145
BJDX,2021,2021-11-10,175040.0,170240.0,-0.027422,-0.415414,-0.783835,25.91,0.08,Industrials,,,0,Taux bas (2019-2021),Low Rate (2019-2021),3.2546289945740186
DOLE,2021,2021-07-30,13.4983,13.0484,-0.033333,0.01931,-0.090965,112.68,0.08,Industrials,,,0,Taux bas (2019-2021),Low Rate (2019-2021),4.724551943008172
CRBU,2021,2021-07-23,17.65,16.32,-0.075354,0.83701,-0.435049,120.3,0.08,Healthcare,,,0,Taux bas (2019-2021),Low Rate (2019-2021),4.789988622980633
AVX,2021,2021-07-08,213750.0,207450.0,-0.029474,-0.490239,-0.260304,17.53,0.08,Finance,,,0,Taux bas (2019-2021),Low Rate (2019-2021),2.863913698933143
LTH,2021,2021-10-07,16.57,17.75,0.071213,0.096338,-0.280563,201.59,0.08,Consumer,,,0,Taux bas (2019-2021),Low Rate (2019-2021),5.306235931792332
CLYM,2021,2021-08-10,16.25,15.9,-0.021538,-0.00566,-0.477987,24.73,0.08,Healthcare,,,0,Taux bas (2019-2021),Low Rate (2019-2021),3.208017081533325
BEAT,2021,2021-11-11,5.4,4.69,-0.131481,-0.292111,-0.678038,14.23,0.08,Industrials,,,0,Taux bas (2019-2021),Low Rate (2019-2021),2.655352412101761
DERM,2021,2021-11-12,8.7,9.9,0.137931,-0.454545,-0.634343,33.67,0.08,Healthcare,,,0,Taux bas (2019-2021),Low Rate (2019-2021),3.516607233172983
NRDS,2021,2021-11-04,23.5,28.3,0.204255,-0.467491,-0.721908,335.12,0.08,Tech,,,0,Taux bas (2019-2021),Low Rate (2019-2021),5.8144886766387796
CWAN,2021,2021-09-24,23.75,25.37,0.068211,-0.111943,-0.44935,283.38,0.08,Tech,,,0,Taux bas (2019-2021),Low Rate (2019-2021),5.6467887531360805
IREN,2021,2021-11-17,28.0,24.45,-0.126786,-0.33865,-0.838037,162.83,0.08,Finance,,,0,Taux bas (2019-2021),Low Rate (2019-2021),5.092706711776129
BIRD,2021,2021-11-03,428.4,577.8,0.348739,-0.519903,-0.826237,820.66,0.08,Industrials,,,0,Taux bas (2019-2021),Low Rate (2019-2021),6.710108894566446
ONON,2021,2021-09-15,35.4,35.0,-0.011299,-0.028571,-0.466857,487.31,0.08,Industrials,,,0,Taux bas (2019-2021),Low Rate (2019-2021),6.1889004708783855
RELY,2021,2021-09-23,52.9,48.45,-0.084121,-0.298865,-0.757482,520.6,0.08,Consumer,,,0,Taux bas (2019-2021),Low Rate (2019-2021),6.254981992560465
STVN,2021,2021-07-16,16.4615,19.4473,0.181381,0.278597,-0.066091,206.4,0.08,Industrials,,,0,Taux bas (2019-2021),Low Rate (2019-2021),5.329816033607408
UPXI,2021,2021-06-24,100.0,112.0,0.12,-0.0875,-0.155357,28.59,0.08,Finance,,,0,Taux bas (2019-2021),Low Rate (2019-2021),3.3530570063342204
HOOD,2021,2021-07-29,38.0,34.82,-0.083684,0.182366,-0.65336,3894.04,0.08,Finance,,,0,Taux bas (2019-2021),Low Rate (2019-2021),8.267202458093049
UDMY,2021,2021-10-29,27.0,27.5,0.018519,-0.254545,-0.594909,205.25,0.08,Other,,,0,Taux bas (2019-2021),Low Rate (2019-2021),5.324228748332538
PRCT,2021,2021-09-15,35.0,41.94,0.198286,-0.000477,-0.036719,141.78,0.08,Industrials,,,0,Taux bas (2019-2021),Low Rate (2019-2021),4.954276560426871
EXFY,2021,2021-11-10,39.75,41.06,0.032956,-0.100585,-0.516561,423.6,0.08,Tech,,,0,Taux bas (2019-2021),Low Rate (2019-2021),6.048789613727251
ERAS,2021,2021-07-16,15.9,17.43,0.096226,0.320138,-0.438325,71.24,0.08,Healthcare,,,0,Taux bas (2019-2021),Low Rate (2019-2021),4.266054458421461
SWAG,2021,2021-11-09,3.1,3.96,0.277419,0.608586,-0.593434,24.33,0.08,Tech,,,0,Taux bas (2019-2021),Low Rate (2019-2021),3.1917101567954314
GAMB,2021,2021-07-23,8.25,8.0,-0.030303,0.31875,0.11625,33.45,0.08,Consumer,,,0,Taux bas (2019-2021),Low Rate (2019-2021),3.5100517865742376
MCW,2021,2021-06-25,18.9,20.3,0.074074,-0.000985,-0.246798,334.76,0.08,Consumer,,,0,Taux bas (2019-2021),Low Rate (2019-2021),5.813413857164673
IOT,2021,2021-12-15,24.9,24.7,-0.008032,0.138057,-0.366802,315.61,0.08,Tech,,,0,Taux bas (2019-2021),Low Rate (2019-2021),5.754507274147812
RANI,2021,2021-07-30,11.3,11.0,-0.026549,0.948182,0.165455,10.98,0.08,Healthcare,,,0,Taux bas (2019-2021),Low Rate (2019-2021),2.3960754360813845
GNTA,2021,2021-12-15,10.05,11.0,0.094527,-0.003455,-0.454545,5.03,0.08,Healthcare,,,0,Taux bas (2019-2021),Low Rate (2019-2021),1.6154199841116479
WEAV,2021,2021-11-11,21.8,18.79,-0.138073,-0.170836,-0.758914,75.7,0.08,Tech,,,0,Taux bas (2019-2021),Low Rate (2019-2021),4.3267781604434035
MITQ,2021,2021-07-08,12.0,24.0,1.0,-0.875833,-0.950417,29.75,0.08,Industrials,,,0,Taux bas (2019-2021),Low Rate (2019-2021),3.392829131991639
XPOF,2021,2021-07-23,11.2,12.25,0.09375,-0.032653,0.931429,45.09,0.08,Consumer,,,0,Taux bas (2019-2021),Low Rate (2019-2021),3.8086604924329928
CFLT,2021,2021-06-24,44.0,45.02,0.023182,-0.014438,-0.138827,528.56,0.08,Other,,,0,Taux bas (2019-2021),Low Rate (2019-2021),6.27015632772163
RSKD,2021,2021-07-29,27.0,26.0,-0.037037,0.110769,-0.749615,284.13,0.08,Consumer,,,0,Taux bas (2019-2021),Low Rate (2019-2021),5.649431879906119
LUCD,2021,2021-10-14,12.75,11.76,-0.077647,-0.282313,-0.839286,63.95,0.08,Industrials,,,0,Taux bas (2019-2021),Low Rate (2019-2021),4.158101528024852
WAVE,2021,2021-07-01,16.0,10.85,-0.321875,-0.243318,-0.423041,10.13,0.08,Industrials,,,0,Taux bas (2019-2021),Low Rate (2019-2021),2.315501318260592
COOK,2021,2021-07-29,1100.0,1100.0,0.0,0.091818,-0.674091,300.02,0.08,Industrials,,,0,Taux bas (2019-2021),Low Rate (2019-2021),5.703849139100744
YMM,2021,2021-06-23,19.3431,20.2092,0.044776,-0.430476,-0.582857,259.94,0.08,Tech,,,0,Taux bas (2019-2021),Low Rate (2019-2021),5.560450835153443
LAW,2021,2021-07-21,45.26,41.0,-0.094123,0.326341,-0.160732,223.48,0.08,Tech,,,0,Taux bas (2019-2021),Low Rate (2019-2021),5.409321924590948
DNUT,2021,2021-07-01,15.5659,20.0542,0.288344,-0.284286,-0.330424,636.46,0.08,Consumer,,,0,Taux bas (2019-2021),Low Rate (2019-2021),6.45592157234636
S,2021,2021-06-30,46.0,42.5,-0.076087,0.168941,-0.184941,947.02,0.08,Tech,,,0,Taux bas (2019-2021),Low Rate (2019-2021),6.85332021228725
EMPD,2021,2021-10-06,12974400.0,15638400.0,0.205327,0.349908,-0.892265,64.87,0.08,Industrials,,,0,Taux bas (2019-2021),Low Rate (2019-2021),4.172385267224964
KLTR,2021,2021-07-21,11.5,12.0,0.043478,-0.035,-0.846667,75.24,0.08,Tech,,,0,Taux bas (2019-2021),Low Rate (2019-2021),4.32068300443283
BRZE,2021,2021-11-17,87.2,93.39,0.070986,-0.173787,-0.55113,474.32,0.08,Tech,,,0,Taux bas (2019-2021),Low Rate (2019-2021),6.161882199399113
LZ,2021,2021-06-30,36.75,37.85,0.029932,-0.075297,-0.663937,455.31,0.08,Tech,,,0,Taux bas (2019-2021),Low Rate (2019-2021),6.120978505640064
AIRS,2021,2021-10-29,12.3077,15.2313,0.237539,-0.200126,-0.590938,68.29,0.08,Healthcare,,,0,Taux bas (2019-2021),Low Rate (2019-2021),4.223763342972998
GLUE,2021,2021-06-24,22.0,21.18,-0.037273,0.448064,-0.378659,85.95,0.08,Healthcare,,,0,Taux bas (2019-2021),Low Rate (2019-2021),4.453765731828859
GGRP,2021,2021-07-01,11.75,17.66,0.502979,-0.530011,-0.669309,90.98,0.08,Tech,,,0,Taux bas (2019-2021),Low Rate (2019-2021),4.510639702141858
LENZ,2021,2021-06-25,73.6357,61.6408,-0.162896,0.121622,-0.558378,41.45,0.08,Healthcare,,,0,Taux bas (2019-2021),Low Rate (2019-2021),3.724487881581304
MYSE,2021,2021-08-13,39.5,34.2,-0.134177,2.371345,-0.497076,21.9,0.08,Industrials,,,0,Taux bas (2019-2021),Low Rate (2019-2021),3.086486636822455
GTLB,2021,2021-10-14,94.25,103.89,0.102281,-0.076042,-0.490519,805.92,0.08,Tech,,,0,Taux bas (2019-2021),Low Rate (2019-2021),6.69198448199734
WRBY,2021,2021-09-29,54.05,54.49,0.008141,0.048449,-0.694439,746.6,0.08,Industrials,,,0,Taux bas (2019-2021),Low Rate (2019-2021),6.615529566480483
CING,2021,2021-12-08,1200.0,1068.0,-0.11,-0.379775,-0.692135,14.16,0.08,Healthcare,,,0,Taux bas (2019-2021),Low Rate (2019-2021),2.6504210882655737
AKA,2021,2021-09-22,114.0,119.88,0.051579,0.146146,-0.620621,70.76,0.08,Consumer,,,0,Taux bas (2019-2021),Low Rate (2019-2021),4.259293869291585
INTA,2021,2021-06-30,25.25,28.0,0.108911,0.15,-0.142857,124.91,0.08,Tech,,,0,Taux bas (2019-2021),Low Rate (2019-2021),4.827593477977818
GFS,2021,2021-10-28,47.01,46.4,-0.012976,0.375647,-0.065948,875.27,0.08,Industrials,,,0,Taux bas (2019-2021),Low Rate (2019-2021),6.774532410187814
HEPS,2021,2021-07-01,12.75,13.43,0.053333,-0.035741,-0.862993,178.22,0.08,Consumer,,,0,Taux bas (2019-2021),Low Rate (2019-2021),5.183018742184574
VTEX,2021,2021-07-21,25.1,22.18,-0.116335,0.140667,-0.707845,262.44,0.08,Tech,,,0,Taux bas (2019-2021),Low Rate (2019-2021),5.570022484476676
RIVN,2021,2021-11-10,106.75,100.73,-0.056393,-0.038618,-0.674973,11067.79,0.08,Industrials,,,0,Taux bas (2019-2021),Low Rate (2019-2021),9.31179436710918
VBNK,2021,2021-08-27,10.1497,10.1497,0.0,0.123941,-0.080021,0.01,0.08,Finance,,,0,Taux bas (2019-2021),Low Rate (2019-2021),-4.605170185988091
ARBK,2021,2021-09-23,3242.1599,3618.0,0.115923,0.033433,-0.614925,141.54,0.08,Finance,,,0,Taux bas (2019-2021),Low Rate (2019-2021),4.952582362647639
HCTI,2021,2021-10-13,473598.0,536346.0,0.132492,-0.327298,-0.685237,32.2,0.08,Tech,,,0,Taux bas (2019-2021),Low Rate (2019-2021),3.4719664525503626
LVLU,2021,2021-11-11,210.75,195.9,-0.070463,-0.19755,-0.208269,38.41,0.08,Consumer,,,0,Taux bas (2019-2021),Low Rate (2019-2021),3.6483178423578133
AMZE,2021,2021-12-14,214.59,162.15,-0.244373,-0.276596,-0.565957,11.64,0.08,Consumer,,,0,Taux bas (2019-2021),Low Rate (2019-2021),2.454447442303292
INAB,2021,2021-07-30,300.0,300.0,0.0,-0.115,-0.588,15.15,0.08,Healthcare,,,0,Taux bas (2019-2021),Low Rate (2019-2021),2.7180005319553784
RXST,2021,2021-07-30,17.5,16.0,-0.085714,-0.14375,-0.1725,45.03,0.08,Industrials,,,0,Taux bas (2019-2021),Low Rate (2019-2021),3.8073289343134804
ABSI,2021,2021-07-22,21.0,21.59,0.028095,-0.100973,-0.609541,53.45,0.08,Other,,,0,Taux bas (2019-2021),Low Rate (2019-2021),3.9787466374710543
XLO,2021,2021-10-22,210.0,224.0,0.066667,-0.25,-0.82,21.45,0.08,Healthcare,,,0,Taux bas (2019-2021),Low Rate (2019-2021),3.065724645374026
EVCM,2021,2021-07-01,20.0,17.6,-0.12,0.103977,-0.239205,204.15,0.08,Tech,,,0,Taux bas (2019-2021),Low Rate (2019-2021),5.318855017765585
TKNO,2021,2021-06-25,20.72,25.0,0.206564,-0.1512,-0.314,74.98,0.08,Healthcare,,,0,Taux bas (2019-2021),Low Rate (2019-2021),4.317221411307766
CADL,2021,2021-07-27,8.24,7.0,-0.150485,0.601429,-0.281429,18.73,0.08,Healthcare,,,0,Taux bas (2019-2021),Low Rate (2019-2021),2.930126516455997
FLNC,2021,2021-10-28,33.5,35.0,0.044776,-0.081143,-0.706857,624.05,0.08,Industrials,,,0,Taux bas (2019-2021),Low Rate (2019-2021),6.436230493364462
ABOS,2021,2021-07-01,26.0,20.1,-0.226923,-0.245274,-0.715423,58.41,0.08,Healthcare,,,0,Taux bas (2019-2021),Low Rate (2019-2021),4.067487108052218
TCRX,2021,2021-07-16,12.0,10.5,-0.125,-0.151429,-0.713333,23.4,0.08,Healthcare,,,0,Taux bas (2019-2021),Low Rate (2019-2021),3.152736022363656
DH,2021,2021-09-15,37.25,43.29,0.162148,-0.167244,-0.583045,292.17,0.08,Tech,,,0,Taux bas (2019-2021),Low Rate (2019-2021),5.677335824641218
VTYX,2021,2021-10-21,18.65,21.02,0.127078,-0.143673,-0.418173,31.52,0.08,Other,,,0,Taux bas (2019-2021),Low Rate (2019-2021),3.4506222649896783
REFI,2021,2021-12-08,9.1343,9.1844,0.005488,0.009703,0.046987,11.53,0.08,Finance,,,0,Taux bas (2019-2021),Low Rate (2019-2021),2.4449523342809676
USCB,2021,2021-07-23,10.2457,10.3606,0.011215,0.195934,0.371534,13.8,0.08,Finance,,,0,Taux bas (2019-2021),Low Rate (2019-2021),2.624668592163159
FNUC,2021,2021-11-19,149.5,169.0,0.130435,-0.556923,-0.800769,282.61,0.08,Industrials,,,0,Taux bas (2019-2021),Low Rate (2019-2021),5.644067855328544
COCO,2021,2021-10-21,15.37,13.52,-0.120364,-0.181213,-0.275888,148.54,0.08,Industrials,,,0,Taux bas (2019-2021),Low Rate (2019-2021),5.00085428224115
BRLT,2021,2021-09-23,11.5619,15.2262,0.316923,-0.16764,-0.721379,91.98,0.08,Industrials,,,0,Taux bas (2019-2021),Low Rate (2019-2021),4.521571162111778
RWAY,2021,2021-10-21,7.0822,7.1097,0.003891,0.053342,-0.067211,18.69,0.08,Other,,,0,Taux bas (2019-2021),Low Rate (2019-2021),2.9279886214674717
CINT,2021,2021-11-10,17.55,18.12,0.032479,-0.346026,-0.362031,140.9,0.08,Tech,,,0,Taux bas (2019-2021),Low Rate (2019-2021),4.948050418904635
NRSN,2021,2021-12-09,4.55,4.04,-0.112088,-0.391089,-0.512376,9.15,0.08,Healthcare,,,0,Taux bas (2019-2021),Low Rate (2019-2021),2.21375387928743
BFRI,2021,2021-10-29,81.8,88.2,0.07824,0.546485,-0.596372,24.19,0.08,Healthcare,,,0,Taux bas (2019-2021),Low Rate (2019-2021),3.185939324621936
SOPA,2021,2021-11-09,232.5,724.5,2.116129,-0.662319,-0.959834,52.77,0.08,Consumer,,,0,Taux bas (2019-2021),Low Rate (2019-2021),3.9659428474175766
PYXS,2021,2021-10-08,19.0,13.2,-0.305263,-0.021212,-0.820455,80.71,0.08,Healthcare,,,0,Taux bas (2019-2021),Low Rate (2019-2021),4.390862483336281
DDI,2021,2021-08-31,18.0,17.75,-0.013889,-0.012394,-0.447887,68.7,0.08,Tech,,,0,Taux bas (2019-2021),Low Rate (2019-2021),4.229749199228304
PTLO,2021,2021-10-21,26.0,29.1,0.119231,0.217869,-0.438144,438.83,0.08,Consumer,,,0,Taux bas (2019-2021),Low Rate (2019-2021),6.08411209434119
SHPH,2022,2022-08-31,4810.0,7696.0,0.6,-0.91632,-0.969854,26.18,1.68,Healthcare,,,0,Taux eleves (2022-2024),High Rate (2022-2024),3.264995760481754
NEXR,2022,2022-08-26,4998.0,4464.8799,-0.106667,-0.623134,-0.723134,12.33,1.68,Consumer,,,0,Taux eleves (2022-2024),High Rate (2022-2024),2.512035317176253
ACLX,2022,2022-02-04,19.0,16.8,-0.11579,-0.12619,0.14881,20.77,1.68,Healthcare,,,0,Taux eleves (2022-2024),High Rate (2022-2024),3.033509637888021
HNVR,2022,2022-05-11,19.7695,19.456,-0.015858,-0.044886,-0.021236,8.18,1.68,Finance,,,0,Taux eleves (2022-2024),High Rate (2022-2024),2.1016921506146558
ONCO,2022,2022-02-18,850000.0,975800.0,0.148,0.097561,-0.978746,6.8,1.68,Healthcare,,,0,Taux eleves (2022-2024),High Rate (2022-2024),1.916922612182061
SNAL,2022,2022-11-10,2.2,2.25,0.022727,-0.422222,-0.12,7.95,1.68,Tech,,,0,Taux eleves (2022-2024),High Rate (2022-2024),2.0731719286662407
NXL,2022,2022-09-16,2.7,2.25,-0.166667,-0.343111,-0.646222,8.91,1.68,Industrials,,,0,Taux eleves (2022-2024),High Rate (2022-2024),2.187174241482718
ACON,2022,2022-04-22,419688.0,393638.4062,-0.062069,-0.617647,-0.786765,5.04,1.68,Healthcare,,,0,Taux eleves (2022-2024),High Rate (2022-2024),1.6174060820832772
HOUR,2022,2022-01-07,4.5,7.99,0.775556,-0.729662,-0.644556,225.84,1.68,Consumer,,,0,Taux eleves (2022-2024),High Rate (2022-2024),5.419826783945234
ASPI,2022,2022-11-10,3.22,2.67,-0.170807,-0.397004,-0.753933,4.72,1.68,Industrials,,,0,Taux eleves (2022-2024),High Rate (2022-2024),1.5518087995974639
RVSN,2022,2022-03-31,22608.0,22248.0,-0.015924,-0.572816,-0.708738,15.49,1.68,Industrials,,,0,Taux eleves (2022-2024),High Rate (2022-2024),2.740194654428777
CNTN,2022,2022-01-12,1406.25,1305.0,-0.072,-0.449425,-0.746552,28.55,1.68,Healthcare,,,0,Taux eleves (2022-2024),High Rate (2022-2024),3.351656936102019
DRCT,2022,2022-02-11,236.5,165.0,-0.302326,-0.233333,-0.166667,12.57,1.68,Tech,,,0,Taux eleves (2022-2024),High Rate (2022-2024),2.531313022602156
SVRE,2022,2022-06-03,30240.0,22118.4004,-0.268571,-0.070313,-0.460938,5.81,1.68,Tech,,,0,Taux eleves (2022-2024),High Rate (2022-2024),1.7595805708638197
STSS,2022,2022-04-14,17490.0,13926.0,-0.203774,-0.469194,-0.421801,10.02,1.68,Industrials,,,0,Taux eleves (2022-2024),High Rate (2022-2024),2.3045830956567186
BIAF,2022,2022-09-01,252.0,249.0,-0.011905,-0.684337,-0.775904,90.33,1.68,Other,,,0,Taux eleves (2022-2024),High Rate (2022-2024),4.503469631161752
TOP,2022,2022-06-01,25.0,16.99,-0.3204,0.736316,-0.783991,29.29,1.68,Finance,,,0,Taux eleves (2022-2024),High Rate (2022-2024),3.377246160839642
TGL,2022,2022-08-11,468300.0,1247400.0,1.663677,-0.893378,-0.92312,164.84,1.68,Consumer,,,0,Taux eleves (2022-2024),High Rate (2022-2024),5.1049753064706165
TNON,2022,2022-04-27,1764.0,1800.0,0.020408,-0.889333,-0.928,19.42,1.68,Industrials,,,0,Taux eleves (2022-2024),High Rate (2022-2024),2.966303462863179
AUST,2022,2022-05-04,6.5,4.37,-0.327692,-0.473684,-0.759954,52.55,1.68,Industrials,,,0,Taux eleves (2022-2024),High Rate (2022-2024),3.96176509732296
BNRG,2022,2022-05-25,9100.0,7699.9995,-0.153846,-0.225,-0.631818,0.88,1.68,Industrials,,,0,Taux eleves (2022-2024),High Rate (2022-2024),-0.12783337150988489
LUCY,2022,2022-08-15,130.0,117.8,-0.093846,-0.767402,-0.465195,24.08,1.68,Industrials,,,0,Taux eleves (2022-2024),High Rate (2022-2024),3.1813816204406202
REBN,2022,2022-08-12,70.4,38.4,-0.454545,-0.599375,-0.8125,40.14,1.68,Consumer,,,0,Taux eleves (2022-2024),High Rate (2022-2024),3.692373343368192
COYA,2022,2022-12-29,4.75,4.57,-0.037895,0.036761,0.052516,0.76,1.68,Healthcare,,,0,Taux eleves (2022-2024),High Rate (2022-2024),-0.2744368457017603
OKYO,2022,2022-05-17,4.5,3.62,-0.195556,-0.41989,-0.38674,9.37,1.68,Healthcare,,,0,Taux eleves (2022-2024),High Rate (2022-2024),2.2375130962503307
FGI,2022,2022-01-25,25.0,19.5,-0.22,-0.217949,-0.405128,26.45,1.68,Industrials,,,0,Taux eleves (2022-2024),High Rate (2022-2024),3.2752561583043085
AMLX,2022,2022-01-07,21.0,18.07,-0.139524,0.659103,0.625899,45.36,1.68,Healthcare,,,0,Taux eleves (2022-2024),High Rate (2022-2024),3.8146306594194965
WLDS,2022,2022-09-13,1128.0,684.0,-0.393617,-0.691228,-0.837544,41.66,1.68,Industrials,,,0,Taux eleves (2022-2024),High Rate (2022-2024),3.729541435832826
HKD,2022,2022-07-15,13.0,16.21,0.246923,9.178902,-0.574954,4.07,1.68,Finance,,,0,Taux eleves (2022-2024),High Rate (2022-2024),1.4036429994545037
HTCR,2022,2022-02-10,80.9364,80.127,-0.01,-0.450505,-0.811919,13.63,1.68,Tech,,,0,Taux eleves (2022-2024),High Rate (2022-2024),2.612273245708441
TPG,2022,2022-01-13,28.054,28.9041,0.030303,-0.095883,-0.129433,418.8,1.68,Finance,,,0,Taux eleves (2022-2024),High Rate (2022-2024),6.037393478996382
XPON,2022,2022-04-01,790.0,793.0,0.003797,-0.602774,-0.854981,83.58,1.68,Industrials,,,0,Taux eleves (2022-2024),High Rate (2022-2024),4.425804257019769
RAYA,2022,2022-12-14,814.0,741.4,-0.089189,-0.409496,-0.709199,8.55,1.68,Industrials,,,0,Taux eleves (2022-2024),High Rate (2022-2024),2.145931282948669
GCT,2022,2022-08-18,19.2,15.69,-0.182813,-0.355641,-0.680688,221.49,1.68,Consumer,,,0,Taux eleves (2022-2024),High Rate (2022-2024),5.400377441739184
ACRV,2022,2022-11-15,13.35,16.64,0.246442,-0.278846,-0.246394,7.05,1.68,Healthcare,,,0,Taux eleves (2022-2024),High Rate (2022-2024),1.9530276168241774
LASE,2022,2022-09-30,5.0,2.58,-0.484,0.077519,0.507752,35.39,1.68,Industrials,,,0,Taux eleves (2022-2024),High Rate (2022-2024),3.566429294357372
VRAX,2022,2022-07-21,200.0,182.0,-0.09,-0.693956,-0.962418,9.98,1.68,Healthcare,,,0,Taux eleves (2022-2024),High Rate (2022-2024),2.300583090323373
GSUN,2022,2022-06-22,190.0,163.0,-0.142105,1.763804,-0.880368,9.63,1.68,Other,,,0,Taux eleves (2022-2024),High Rate (2022-2024),2.2648832258100344
GNS,2022,2022-04-12,166.2,305.0,0.835138,-0.779016,-0.989541,19.88,1.68,Tech,,,0,Taux eleves (2022-2024),High Rate (2022-2024),2.989714201228428
BLTE,2022,2022-04-29,12.5,10.59,-0.1528,1.148253,1.831917,42.92,1.68,Healthcare,,,0,Taux eleves (2022-2024),High Rate (2022-2024),3.759337917762498
PRME,2022,2022-10-20,18.97,15.37,-0.189773,0.130774,-0.033832,52.73,1.68,Healthcare,,,0,Taux eleves (2022-2024),High Rate (2022-2024),3.9651845535423784
SKYX,2022,2022-02-10,14.0,11.85,-0.153571,0.064979,-0.711392,15.41,1.68,Industrials,,,0,Taux eleves (2022-2024),High Rate (2022-2024),2.7350166493320245
LIEN,2022,2022-02-04,9.4459,9.4459,0.0,-0.021429,-0.260714,2.49,1.68,Other,,,0,Taux eleves (2022-2024),High Rate (2022-2024),0.9122827104766164
ACDC,2022,2022-05-13,17.6,18.11,0.028977,0.076753,0.229707,111.33,1.68,Industrials,,,0,Taux eleves (2022-2024),High Rate (2022-2024),4.712498763740616
EDBL,2022,2022-05-05,450000.0,433500.0,-0.036667,-0.49827,-0.911073,12.15,1.68,Industrials,,,0,Taux eleves (2022-2024),High Rate (2022-2024),2.4973291697865574
NA,2022,2022-07-12,76.1,120.5,0.583443,-0.547718,-0.912033,11.31,1.68,Industrials,,,0,Taux eleves (2022-2024),High Rate (2022-2024),2.425687290128029
EE,2022,2022-04-13,27.4772,26.1618,-0.047872,0.004842,-0.015627,327.0,1.68,Industrials,,,0,Taux eleves (2022-2024),High Rate (2022-2024),5.7899601708972535
PEPG,2022,2022-05-06,15.6,12.89,-0.173718,-0.083786,0.241272,23.59,1.68,Healthcare,,,0,Taux eleves (2022-2024),High Rate (2022-2024),3.1608228934195837
HSCS,2022,2022-06-16,318.0,242.0,-0.238994,-0.34876,-0.380165,9.5,1.68,Industrials,,,0,Taux eleves (2022-2024),High Rate (2022-2024),2.2512917986064953
IE,2022,2022-06-28,11.75,10.8,-0.080851,-0.112037,0.402778,61.24,1.68,Industrials,,,0,Taux eleves (2022-2024),High Rate (2022-2024),4.114800570789483
GV,2022,2022-05-17,420.0,375.0,-0.107143,-0.9388,-0.97128,11.06,1.68,Other,,,0,Taux eleves (2022-2024),High Rate (2022-2024),2.403334996094189
CRBG,2022,2022-09-16,16.0919,16.2171,0.007782,0.123153,-0.149269,80.17,1.68,Finance,,,0,Taux eleves (2022-2024),High Rate (2022-2024),4.38414938005486
LCFY,2022,2022-03-25,66.8,66.8,0.0,-0.571856,-0.89521,8.44,1.68,Tech,,,0,Taux eleves (2022-2024),High Rate (2022-2024),2.1329823086078656
MBLY,2022,2022-10-26,26.71,28.97,0.084613,0.090438,0.360718,765.38,1.68,Tech,,,0,Taux eleves (2022-2024),High Rate (2022-2024),6.640372442522167
ANTX,2022,2022-03-25,16.85,15.4,-0.086053,-0.018182,-0.374026,23.41,1.68,Healthcare,,,0,Taux eleves (2022-2024),High Rate (2022-2024),3.1531632815028194
VSTD,2022,2022-09-09,13.0,10.425,-0.198077,-0.731415,-0.81295,109.3,1.68,Consumer,,,0,Taux eleves (2022-2024),High Rate (2022-2024),4.694096395182493
MEGL,2022,2022-08-05,49.5,96.03,0.94,-0.940206,-0.986186,32.89,1.68,Finance,,,0,Taux eleves (2022-2024),High Rate (2022-2024),3.4931686602009657
NVCT,2022,2022-02-04,3.95,3.25,-0.177215,0.855385,1.147692,5.84,1.68,Healthcare,,,0,Taux eleves (2022-2024),High Rate (2022-2024),1.7647307968401356
MOB,2022,2022-08-25,4.0,5.47,0.3675,-0.687386,-0.788117,141.51,1.68,Industrials,,,0,Taux eleves (2022-2024),High Rate (2022-2024),4.95237038596428
BLCO,2022,2022-05-06,18.5,20.0,0.081081,-0.225,-0.1705,281.67,1.68,Industrials,,,0,Taux eleves (2022-2024),High Rate (2022-2024),5.640736172938566
ATAT,2022,2022-11-11,14.7119,12.2251,-0.169032,0.38587,0.444876,27.09,1.68,Tech,,,0,Taux eleves (2022-2024),High Rate (2022-2024),3.2991646560970036
MAIA,2022,2022-07-28,4.1,4.46,0.087805,-0.078475,-0.226457,6.35,1.68,Healthcare,,,0,Taux eleves (2022-2024),High Rate (2022-2024),1.8484548129046001
JCSE,2022,2022-04-22,29.5463,39.5337,0.338028,-0.222631,-0.961263,11.82,1.68,Industrials,,,0,Taux eleves (2022-2024),High Rate (2022-2024),2.469793011977952
MTEK,2022,2022-02-02,3.0,3.15,0.05,-0.409524,-0.619048,22.98,1.68,Industrials,,,0,Taux eleves (2022-2024),High Rate (2022-2024),3.1346242724206097
OST,2022,2022-04-27,2525.0,9915.0,2.926733,-0.948563,-0.97529,21.68,1.68,Industrials,,,0,Taux eleves (2022-2024),High Rate (2022-2024),3.0763901765714454
MDV,2022,2022-02-11,16.6137,45.1892,1.72,-0.742641,-0.84671,0.84,1.68,Finance,,,0,Taux eleves (2022-2024),High Rate (2022-2024),-0.1743533871447778
TKLF,2022,2022-01-18,409.9,320.0,-0.219322,-0.935,-0.955,116.99,1.68,Consumer,,,0,Taux eleves (2022-2024),High Rate (2022-2024),4.76208846105951
CRDO,2022,2022-01-27,12.1,11.65,-0.03719,0.331331,-0.006867,65.0,1.68,Industrials,,,0,Taux eleves (2022-2024),High Rate (2022-2024),4.174387269895637
ONFO,2022,2022-08-26,3.35,2.4,-0.283582,-0.495833,-0.5125,18.17,1.68,Tech,,,0,Taux eleves (2022-2024),High Rate (2022-2024),2.89977188240808
CAVA,2023,2023-06-15,42.0,43.78,0.042381,0.304477,0.142074,703.58,5.02,Consumer,,,0,Taux eleves (2022-2024),High Rate (2022-2024),6.556181587217784
SHIM,2023,2023-11-14,7.0,6.4,-0.085714,0.007812,-0.515625,6.48,5.02,Industrials,,,0,Taux eleves (2022-2024),High Rate (2022-2024),1.8687205103641833
HERE,2023,2023-01-25,12.8804,11.771,-0.086131,-0.020767,-0.824281,15.02,5.02,Consumer,,,0,Taux eleves (2022-2024),High Rate (2022-2024),2.7093826463359885
CART,2023,2023-09-19,42.0,33.7,-0.197619,-0.26914,-0.043917,1658.83,5.02,Consumer,,,0,Taux eleves (2022-2024),High Rate (2022-2024),7.413867813571601
LGCB,2023,2023-12-19,39.8,31.2,-0.21608,-0.5,-0.439103,3.84,5.02,Consumer,,,0,Taux eleves (2022-2024),High Rate (2022-2024),1.3454723665996355
HLP,2023,2023-03-29,4.4,3.5,-0.204545,-0.308571,-0.371429,1.11,5.02,Industrials,,,0,Taux eleves (2022-2024),High Rate (2022-2024),0.10436001532424286
ZJYL,2023,2023-03-28,8.0,7.95,-0.00625,-0.296855,2.09434,2.56,5.02,Industrials,,,0,Taux eleves (2022-2024),High Rate (2022-2024),0.9400072584914712
ARBB,2023,2023-04-05,54.0,57.75,0.069444,0.077922,-0.788571,4.01,5.02,Tech,,,0,Taux eleves (2022-2024),High Rate (2022-2024),1.3887912413184778
HG,2023,2023-11-10,14.2513,14.0177,-0.016393,-0.033333,0.116667,61.84,5.02,Finance,,,0,Taux eleves (2022-2024),High Rate (2022-2024),4.124550404279167
HSHP,2023,2023-03-31,5.4809,5.2544,-0.041322,-0.065517,0.046552,1.69,5.02,Industrials,,,0,Taux eleves (2022-2024),High Rate (2022-2024),0.5247285289349821
TXO,2023,2023-01-27,15.5661,15.5661,0.0,0.015909,-0.080836,23.94,5.02,Industrials,,,0,Taux eleves (2022-2024),High Rate (2022-2024),3.1755507001298273
IZM,2023,2023-03-15,4.0,3.31,-0.1725,-0.11571,2.97281,2.67,5.02,Consumer,,,0,Taux eleves (2022-2024),High Rate (2022-2024),0.9820784724121582
ESHA,2023,2023-06-14,10.08,10.09,0.000992,-0.000991,0.016848,77.91,5.02,Finance,,,0,Taux eleves (2022-2024),High Rate (2022-2024),4.355554314342767
GDTC,2023,2023-04-14,4.0,4.0,0.0,-0.33,0.0525,6.23,5.02,Healthcare,,,0,Taux eleves (2022-2024),High Rate (2022-2024),1.8293763327993617
CVKD,2023,2023-01-20,85.65,61.8,-0.278459,-0.521845,-0.834951,11.07,5.02,Healthcare,,,0,Taux eleves (2022-2024),High Rate (2022-2024),2.4042387467205457
MDBH,2023,2023-09-21,16.0,12.5,-0.21875,-0.1216,-0.3216,8.11,5.02,Finance,,,0,Taux eleves (2022-2024),High Rate (2022-2024),2.0930978681273213
AESI,2023,2023-03-09,15.306,14.825,-0.031429,0.072566,0.009647,92.95,5.02,Industrials,,,0,Taux eleves (2022-2024),High Rate (2022-2024),4.532061714167453
ASST,2023,2023-02-03,588.0,355.0,-0.396259,-0.507042,-0.849014,14.48,5.02,Finance,,,0,Taux eleves (2022-2024),High Rate (2022-2024),2.6727683869575705
NXT,2023,2023-02-09,30.31,30.46,0.004949,0.024294,0.131976,495.01,5.02,Industrials,,,0,Taux eleves (2022-2024),High Rate (2022-2024),6.204577964384835
DDC,2023,2023-11-17,212.5,155.25,-0.269412,-0.247987,-0.900322,11.44,5.02,Industrials,,,0,Taux eleves (2022-2024),High Rate (2022-2024),2.437115985951652
SXTP,2023,2023-07-12,900.0,1123.2,0.248,-0.700855,-0.939103,18.87,5.02,Healthcare,,,0,Taux eleves (2022-2024),High Rate (2022-2024),2.9375733593804587
GENK,2023,2023-06-28,18.1705,15.2315,-0.161749,0.21382,-0.559322,51.27,5.02,Consumer,,,0,Taux eleves (2022-2024),High Rate (2022-2024),3.9371057857956093
MLYS,2023,2023-02-10,21.1,18.44,-0.126066,-0.133948,-0.546638,57.13,5.02,Healthcare,,,0,Taux eleves (2022-2024),High Rate (2022-2024),4.045329372736371
INHD,2023,2023-12-14,2520.0,3328.8,0.320952,-0.896179,-0.966258,25.67,5.02,Industrials,,,0,Taux eleves (2022-2024),High Rate (2022-2024),3.245322994883049
SGN,2023,2023-05-16,39.91,40.21,0.007517,-0.043024,-0.118548,165.59,5.02,Other,,,0,Taux eleves (2022-2024),High Rate (2022-2024),5.109514853654393
FEBO,2023,2023-11-30,4.99,4.44,-0.11022,0.13964,1.297297,5.15,5.02,Industrials,,,0,Taux eleves (2022-2024),High Rate (2022-2024),1.6389967146756448
TURB,2023,2023-09-22,6.89,5.01,-0.272859,-0.720559,-0.756487,29.69,5.02,Industrials,,,0,Taux eleves (2022-2024),High Rate (2022-2024),3.3908102887756684
NCL,2023,2023-10-19,320.0,294.4,-0.08,0.999348,-0.947609,3.06,5.02,Industrials,,,0,Taux eleves (2022-2024),High Rate (2022-2024),1.1184149159642893
WAI,2023,2023-04-18,2375.0,2625.0,0.105263,1.095238,-0.6,5.06,5.02,Consumer,,,0,Taux eleves (2022-2024),High Rate (2022-2024),1.6213664832993742
MWG,2023,2023-04-03,30.5,88.7,1.908197,-0.921082,-0.973281,13.42,5.02,Industrials,,,0,Taux eleves (2022-2024),High Rate (2022-2024),2.5967461315435356
ISPR,2023,2023-04-04,8.53,7.55,-0.114889,0.051656,0.290066,5.74,5.02,Industrials,,,0,Taux eleves (2022-2024),High Rate (2022-2024),1.747459210331475
LRE,2023,2023-09-27,7.0,6.2,-0.114286,-0.080645,-0.193548,16.3,5.02,Industrials,,,0,Taux eleves (2022-2024),High Rate (2022-2024),2.791165107812717
AIXI,2023,2023-03-09,61.2,52.29,-0.145588,-0.053701,-0.638554,20.03,5.02,Tech,,,0,Taux eleves (2022-2024),High Rate (2022-2024),2.997231149677727
VTMX,2023,2023-06-30,30.2207,30.4285,0.006875,0.076211,0.171374,104.9,5.02,Finance,,,0,Taux eleves (2022-2024),High Rate (2022-2024),4.653007515402251
MIRA,2023,2023-08-03,7.0,7.42,0.06,-0.572776,-0.867925,4.69,5.02,Healthcare,,,0,Taux eleves (2022-2024),High Rate (2022-2024),1.545432582458188
BOF,2023,2023-06-16,5.69,4.43,-0.221441,-0.370203,-0.541761,5.46,5.02,Industrials,,,0,Taux eleves (2022-2024),High Rate (2022-2024),1.6974487897568136
ATMU,2023,2023-05-26,21.4796,21.4598,-0.000923,0.098383,0.048961,134.85,5.02,Industrials,,,0,Taux eleves (2022-2024),High Rate (2022-2024),4.904163049585739
SKWD,2023,2023-01-13,18.9,19.1,0.010582,0.02199,0.490576,78.86,5.02,Finance,,,0,Taux eleves (2022-2024),High Rate (2022-2024),4.367674128449481
ODD,2023,2023-07-19,49.1,47.53,-0.031976,-0.100989,-0.095729,306.29,5.02,Industrials,,,0,Taux eleves (2022-2024),High Rate (2022-2024),5.724532365574798
LICN,2023,2023-02-06,3.9,3.5,-0.102564,-0.377143,-0.631429,18.44,5.02,Other,,,0,Taux eleves (2022-2024),High Rate (2022-2024),2.914522218128448
NRXS,2023,2023-08-09,6.3,6.0,-0.047619,-0.399167,-0.483333,2.38,5.02,Industrials,,,0,Taux eleves (2022-2024),High Rate (2022-2024),0.8671004876833833
BAYA,2023,2023-12-29,10.01,10.01,0.0,0.0,0.032967,1.75,5.02,Finance,,,0,Taux eleves (2022-2024),High Rate (2022-2024),0.5596157879354227
MGIH,2023,2023-04-04,4.0,3.21,-0.1975,-0.454829,-0.532087,10.34,5.02,Industrials,,,0,Taux eleves (2022-2024),High Rate (2022-2024),2.336019869080283
OMH,2023,2023-03-22,4.15,4.14,-0.00241,0.352657,-0.555556,0.11,5.02,Finance,,,0,Taux eleves (2022-2024),High Rate (2022-2024),-2.2072749131897207
GSIW,2023,2023-12-01,890.0,2040.0,1.292135,-0.235294,-0.294118,22.52,5.02,Finance,,,0,Taux eleves (2022-2024),High Rate (2022-2024),3.1144038032714896
MNR,2023,2023-10-25,13.4178,12.9517,-0.034737,-0.07361,0.190407,28.56,5.02,Industrials,,,0,Taux eleves (2022-2024),High Rate (2022-2024),3.3520071374713836
PAPL,2023,2023-11-01,70.0,45.0,-0.357143,-0.288889,-0.696,6.54,5.02,Finance,,,0,Taux eleves (2022-2024),High Rate (2022-2024),1.8779371654691073
BANL,2023,2023-03-23,4.21,4.42,0.049881,-0.328054,-0.633484,5.67,5.02,Consumer,,,0,Taux eleves (2022-2024),High Rate (2022-2024),1.7351891177396608
USGO,2023,2023-04-20,9.5,9.04,-0.048421,0.626106,-0.144911,2.2,5.02,Industrials,,,0,Taux eleves (2022-2024),High Rate (2022-2024),0.7884573603642703
ARM,2023,2023-09-14,56.1,63.59,0.133512,-0.21104,0.769618,7322.99,5.02,Industrials,,,0,Taux eleves (2022-2024),High Rate (2022-2024),8.898773993499574
LXEO,2023,2023-11-03,9.5,10.05,0.057895,0.353234,0.751244,10.88,5.02,Healthcare,,,0,Taux eleves (2022-2024),High Rate (2022-2024),2.3869262414277967
WBUY,2023,2023-10-19,930.0,640.8,-0.310968,0.106742,-0.967228,42.54,5.02,Consumer,,,0,Taux eleves (2022-2024),High Rate (2022-2024),3.750444809772091
TBMC,2023,2023-05-15,10.15,10.1,-0.004926,0.008911,0.038614,1.12,5.02,Finance,,,0,Taux eleves (2022-2024),High Rate (2022-2024),0.11332868530700327
KGS,2023,2023-06-29,13.5457,13.6676,0.008997,0.232484,0.663197,60.06,5.02,Industrials,,,0,Taux eleves (2022-2024),High Rate (2022-2024),4.095344062555184
ATGL,2023,2023-10-31,4.0,4.4,0.1,1.720455,-0.382955,18.57,5.02,Tech,,,0,Taux eleves (2022-2024),High Rate (2022-2024),2.9215473753646144
SPKL,2023,2023-11-27,10.15,10.07,-0.007882,0.006951,0.033764,0.02,5.02,Finance,,,0,Taux eleves (2022-2024),High Rate (2022-2024),-3.912023005428146
HSAI,2023,2023-02-09,23.75,21.05,-0.113684,-0.228979,-0.546793,179.18,5.02,Industrials,,,0,Taux eleves (2022-2024),High Rate (2022-2024),5.188390887169432
HKIT,2023,2023-03-31,250.0,278.0,0.112,0.196043,-0.76259,8.7,5.02,Tech,,,0,Taux eleves (2022-2024),High Rate (2022-2024),2.163323025660538
BMR,2023,2023-02-28,3.94,3.65,-0.073604,-0.545206,-0.652055,3.24,5.02,Tech,,,0,Taux eleves (2022-2024),High Rate (2022-2024),1.1755733298042381
SVV,2023,2023-06-29,24.77,22.91,-0.075091,0.12309,-0.08337,287.25,5.02,Consumer,,,0,Taux eleves (2022-2024),High Rate (2022-2024),5.660352916728865
SGMT,2023,2023-07-14,15.5,15.95,0.029032,-0.245141,-0.717241,24.06,5.02,Healthcare,,,0,Taux eleves (2022-2024),High Rate (2022-2024),3.180550710546533
AZTR,2023,2023-06-16,852.0,988.0,0.159624,-0.248988,-0.947368,4.04,5.02,Healthcare,,,0,Taux eleves (2022-2024),High Rate (2022-2024),1.3962446919730587
TPET,2023,2023-04-18,53.0,45.4,-0.143396,-0.39207,-0.867841,2.97,5.02,Industrials,,,0,Taux eleves (2022-2024),High Rate (2022-2024),1.0885619528146082
MSS,2023,2023-10-05,4.0,8.96,1.24,0.03962,-0.841518,37.25,5.02,Consumer,,,0,Taux eleves (2022-2024),High Rate (2022-2024),3.6176519448255684
GDHG,2023,2023-04-12,75000.0,75187.5,0.0025,0.084788,-0.713217,3.6,5.02,Consumer,,,0,Taux eleves (2022-2024),High Rate (2022-2024),1.2809338454620642
GMEX,2023,2023-08-08,560.0,565.6,0.01,-0.475248,0.356436,10.06,5.02,Industrials,,,0,Taux eleves (2022-2024),High Rate (2022-2024),2.3085671646715933
QETA,2023,2023-11-30,10.1,10.08,-0.00198,0.002976,0.031746,4.29,5.02,Finance,,,0,Taux eleves (2022-2024),High Rate (2022-2024),1.4562867329399256
CWD,2023,2023-05-18,206.8,154.0,-0.255319,-0.731169,-0.835065,105.77,5.02,Finance,,,0,Taux eleves (2022-2024),High Rate (2022-2024),4.6612669253399615
NWGL,2023,2023-09-12,13.0,9.6,-0.261538,0.063542,-0.727708,20.07,5.02,Industrials,,,0,Taux eleves (2022-2024),High Rate (2022-2024),2.9992261628082466
PRZO,2023,2023-07-27,4.09,3.6,-0.119804,-0.605556,-0.794444,6.33,5.02,Industrials,,,0,Taux eleves (2022-2024),High Rate (2022-2024),1.8453002361560848
SPPL,2023,2023-09-13,39.2,39.2,0.0,0.0,-0.84898,11.43,5.02,Tech,,,0,Taux eleves (2022-2024),High Rate (2022-2024),2.4362414778067194
SRFM,2023,2023-07-27,35.0,22.05,-0.37,-0.466667,-0.707619,16.19,5.02,Industrials,,,0,Taux eleves (2022-2024),High Rate (2022-2024),2.784393767689544
GPCR,2023,2023-02-03,25.0,26.0,0.04,-0.128462,1.501923,44.58,5.02,Healthcare,,,0,Taux eleves (2022-2024),High Rate (2022-2024),3.797285327957723
KVYO,2023,2023-09-20,36.75,32.76,-0.108571,-0.131258,-0.293346,627.83,5.02,Tech,,,0,Taux eleves (2022-2024),High Rate (2022-2024),6.442269429185225
OAKU,2023,2023-05-19,10.1,10.13,0.00297,0.012833,0.044422,4.44,5.02,Other,,,0,Taux eleves (2022-2024),High Rate (2022-2024),1.4906543764441336
RR,2023,2023-11-17,5.0,5.25,0.05,0.133333,-0.761905,10.28,5.02,Industrials,,,0,Taux eleves (2022-2024),High Rate (2022-2024),2.330200260027019
FIHL,2023,2023-06-29,12.5432,12.3517,-0.015267,0.042636,0.38062,70.02,5.02,Finance,,,0,Taux eleves (2022-2024),High Rate (2022-2024),4.2487809155265195
TRNR,2023,2023-04-28,3340000.0,2644000.0,-0.208383,-0.305598,-0.886536,6.68,5.02,Industrials,,,0,Taux eleves (2022-2024),High Rate (2022-2024),1.8991179875485542
ZKH,2023,2023-12-15,15.5,15.5,0.0,0.052258,-0.767742,7.85,5.02,Consumer,,,0,Taux eleves (2022-2024),High Rate (2022-2024),2.060513531794317
CHSN,2023,2023-03-30,320.0,196.0,-0.3875,-0.183673,2.408163,3.94,5.02,Industrials,,,0,Taux eleves (2022-2024),High Rate (2022-2024),1.3711807233098425
KVAC,2023,2023-09-15,10.2,10.14,-0.005882,0.011834,0.039448,2.57,5.02,Finance,,,0,Taux eleves (2022-2024),High Rate (2022-2024),0.9439058989071284
AXG,2023,2023-09-07,4.55,6.08,0.336264,-0.646382,2.370066,69.42,5.02,Finance,,,0,Taux eleves (2022-2024),High Rate (2022-2024),4.24017501043364
JYD,2023,2023-04-21,263.0,252.0,-0.041825,-0.366468,-0.779762,30.52,5.02,Industrials,,,0,Taux eleves (2022-2024),High Rate (2022-2024),3.4183822064162563
BIRK,2023,2023-10-11,41.0,40.2,-0.019512,0.041045,0.520895,644.75,5.02,Industrials,,,0,Taux eleves (2022-2024),High Rate (2022-2024),6.468862644761455
SFWL,2023,2023-03-31,4.1,4.02,-0.019512,1.029851,2.768657,3.86,5.02,Industrials,,,0,Taux eleves (2022-2024),High Rate (2022-2024),1.3506671834767394
CTNT,2023,2023-08-01,60.0,110.4,0.84,-0.686957,-0.728986,23.32,5.02,Consumer,,,0,Taux eleves (2022-2024),High Rate (2022-2024),3.1493113614822916
HYAC,2023,2023-09-15,10.17,10.17,0.0,0.001967,0.029499,4.64,5.02,Finance,,,0,Taux eleves (2022-2024),High Rate (2022-2024),1.534714366238164
VCIG,2023,2023-04-13,9086129.8729,7483731.0,-0.176357,-0.376471,-0.464935,9.09,5.02,Tech,,,0,Taux eleves (2022-2024),High Rate (2022-2024),2.2071749081893874
APGE,2023,2023-07-14,21.5,21.23,-0.012558,0.1187,2.223269,101.27,5.02,Healthcare,,,0,Taux eleves (2022-2024),High Rate (2022-2024),4.617790217344194
ELAB,2023,2023-11-21,471578.9375,400842.0938,-0.15,-0.462353,-0.870294,2.83,5.02,Healthcare,,,0,Taux eleves (2022-2024),High Rate (2022-2024),1.0402767116551463
GNLX,2023,2023-01-26,6.0,6.15,0.025,2.629268,3.019512,9.27,5.02,Healthcare,,,0,Taux eleves (2022-2024),High Rate (2022-2024),2.2267833795777636
GVH,2023,2023-11-08,858.0,516.0,-0.398601,-0.581395,-0.75155,11.66,5.02,Industrials,,,0,Taux eleves (2022-2024),High Rate (2022-2024),2.4561641809223462
ANL,2023,2023-09-29,18.0,15.0,-0.166667,-0.417333,-0.752667,7.34,5.02,Healthcare,,,0,Taux eleves (2022-2024),High Rate (2022-2024),1.9933388426264242
GXAI,2023,2023-02-15,54.6,48.6,-0.10989,-0.674074,-0.901235,5.47,5.02,Tech,,,0,Taux eleves (2022-2024),High Rate (2022-2024),1.6992786164338898
KVUE,2023,2023-05-04,22.869,24.0962,0.053662,-0.024163,-0.169221,1761.01,5.02,Industrials,,,0,Taux eleves (2022-2024),High Rate (2022-2024),7.4736427870717925
ICG,2023,2023-03-16,8.0,8.0,0.0,0.15,0.0425,4.01,5.02,Industrials,,,0,Taux eleves (2022-2024),High Rate (2022-2024),1.3887912413184778
MGRX,2023,2023-03-21,63.0,60.0,-0.047619,-0.6925,-0.8325,2.95,5.02,Healthcare,,,0,Taux eleves (2022-2024),High Rate (2022-2024),1.0818051703517284
INTS,2023,2023-06-30,148.75,149.0,0.001681,0.025168,-0.104027,7.71,5.02,Healthcare,,,0,Taux eleves (2022-2024),High Rate (2022-2024),2.0425181875752383
CLIK,2024,2024-10-09,120.0,79.2,-0.34,-0.537879,,10.4,5.14,Tech,,,0,Taux eleves (2022-2024),High Rate (2022-2024),2.341805806147327
CAMP,2024,2024-10-11,11.16,10.72,-0.039426,-0.495336,,9.48,5.14,Healthcare,,,0,Taux eleves (2022-2024),High Rate (2022-2024),2.2491843162669305
JUNS,2024,2024-12-03,4.0,5.49,0.3725,0.948998,,9.03,5.14,Healthcare,,,0,Taux eleves (2022-2024),High Rate (2022-2024),2.200552367428894
STFS,2024,2024-10-11,150.0,130.4,-0.130667,0.447853,,2.08,5.14,Tech,,,0,Taux eleves (2022-2024),High Rate (2022-2024),0.7323678937132266
SKK,2024,2024-10-08,45.0,60.5,0.344444,0.426446,,29.54,5.14,Industrials,,,0,Taux eleves (2022-2024),High Rate (2022-2024),3.3857452771032337
WBTN,2024,2024-06-27,21.3,23.0,0.079812,-0.445652,,136.77,5.14,Industrials,,,0,Taux eleves (2022-2024),High Rate (2022-2024),4.9183006828934595
TRSG,2024,2024-04-19,6.58,5.95,-0.095745,-0.539496,,17.53,5.14,Industrials,,,0,Taux eleves (2022-2024),High Rate (2022-2024),2.863913698933143
LINE,2024,2024-07-25,75.6639,74.5382,-0.014878,0.002847,,1077.68,5.14,Finance,,,0,Taux eleves (2022-2024),High Rate (2022-2024),6.982565861390313
POLE,2024,2024-10-28,9.95,9.95,0.0,0.00201,,4.44,5.14,Finance,,,0,Taux eleves (2022-2024),High Rate (2022-2024),1.4906543764441336
ORIS,2024,2024-10-18,142.2,155.0,0.090014,-0.152258,,3.52,5.14,Industrials,,,0,Taux eleves (2022-2024),High Rate (2022-2024),1.2584609896100056
MBAV,2024,2024-09-23,9.97,9.99,0.002006,0.004004,,22.28,5.14,Finance,,,0,Taux eleves (2022-2024),High Rate (2022-2024),3.1036894150590832
LSE,2024,2024-12-19,4.25,4.35,0.023529,0.114943,,8.75,5.14,Industrials,,,0,Taux eleves (2022-2024),High Rate (2022-2024),2.169053700369523
GLXG,2024,2024-09-12,44.4,44.5,0.002252,1.608989,,11.46,5.14,Other,,,0,Taux eleves (2022-2024),High Rate (2022-2024),2.4388627112865935
ITOC,2024,2024-09-05,3.76,3.78,0.005319,0.201058,,8.43,5.14,Industrials,,,0,Taux eleves (2022-2024),High Rate (2022-2024),2.131796772013764
PTLE,2024,2024-10-16,340.0,325.6,-0.042353,0.690418,,11.45,5.14,Consumer,,,0,Taux eleves (2022-2024),High Rate (2022-2024),2.4379897300002487
NAMI,2024,2024-12-06,4.25,4.44,0.044706,-0.081081,,11.42,5.14,Other,,,0,Taux eleves (2022-2024),High Rate (2022-2024),2.435366204227864
PMNT,2024,2024-02-08,4.43,5.2,0.173815,-0.280769,,1.68,5.14,Industrials,,,0,Taux eleves (2022-2024),High Rate (2022-2024),0.5187937934151675
PONY,2024,2024-11-27,15.0,12.0,-0.2,0.195833,,107.33,5.14,Tech,,,0,Taux eleves (2022-2024),High Rate (2022-2024),4.675908200493433
KAPA,2024,2024-09-16,4.0,2.6,-0.35,-0.446154,,2.12,5.14,Healthcare,,,0,Taux eleves (2022-2024),High Rate (2022-2024),0.7514160886839212
RAY,2024,2024-05-15,80.8,67.68,-0.162376,-0.094563,,12.02,5.14,Industrials,,,0,Taux eleves (2022-2024),High Rate (2022-2024),2.4865719291070616
UBXG,2024,2024-03-28,5.0,4.1,-0.18,0.262683,,8.54,5.14,Tech,,,0,Taux eleves (2022-2024),High Rate (2022-2024),2.1447610078004784
IBTA,2024,2024-04-19,103.25,98.0,-0.050847,-0.125204,,100.25,5.14,Tech,,,0,Taux eleves (2022-2024),High Rate (2022-2024),4.6076670661866785
CDTG,2024,2024-04-19,3.24,3.75,0.157407,0.013333,,0.78,5.14,Industrials,,,0,Taux eleves (2022-2024),High Rate (2022-2024),-0.2484613592984996
PCSC,2024,2024-06-12,10.06,10.05,-0.000994,0.00398,,19.22,5.14,Healthcare,,,0,Taux eleves (2022-2024),High Rate (2022-2024),2.9559514035421466
MTEN,2024,2024-04-19,656.0,740.0,0.128049,0.527027,,1.32,5.14,Industrials,,,0,Taux eleves (2022-2024),High Rate (2022-2024),0.27763173659827955
MNDR,2024,2024-04-10,191.6,268.0,0.398747,-0.729851,,27.62,5.14,Tech,,,0,Taux eleves (2022-2024),High Rate (2022-2024),3.318540147981146
SYNX,2024,2024-01-12,3.99,3.61,-0.095238,-0.010526,,2.84,5.14,Industrials,,,0,Taux eleves (2022-2024),High Rate (2022-2024),1.0438040521731147
YYGH,2024,2024-04-22,194.0,145.0,-0.252577,-0.62069,,3.84,5.14,Tech,,,0,Taux eleves (2022-2024),High Rate (2022-2024),1.3454723665996355
GPAT,2024,2024-07-02,9.98,9.99,0.001002,0.003003,,7.85,5.14,Finance,,,0,Taux eleves (2022-2024),High Rate (2022-2024),2.060513531794317
LB,2024,2024-06-28,18.8207,22.9316,0.218421,0.460043,,60.29,5.14,Finance,,,0,Taux eleves (2022-2024),High Rate (2022-2024),4.099166252501314
GUTS,2024,2024-02-02,13.75,12.85,-0.065455,-0.513619,,40.52,5.14,Industrials,,,0,Taux eleves (2022-2024),High Rate (2022-2024),3.7017956793804827
BOW,2024,2024-05-23,23.0,23.8,0.034783,0.092017,,76.72,5.14,Finance,,,0,Taux eleves (2022-2024),High Rate (2022-2024),4.340162430575183
GELS,2024,2024-10-29,4.0,2.94,-0.265,0.629252,,2.0,5.14,Healthcare,,,0,Taux eleves (2022-2024),High Rate (2022-2024),0.6931471805599453
NNE,2024,2024-05-08,3.6,5.19,0.441667,2.030828,,20.6,5.14,Industrials,,,0,Taux eleves (2022-2024),High Rate (2022-2024),3.0252910757955354
INGM,2024,2024-10-24,24.8041,24.1369,-0.026899,-0.069106,,192.18,5.14,Consumer,,,0,Taux eleves (2022-2024),High Rate (2022-2024),5.258432432849122
BEAG,2024,2024-12-16,9.86,9.855,-0.000507,0.001522,,0.08,5.14,Finance,,,0,Taux eleves (2022-2024),High Rate (2022-2024),-2.5257286443082556
ARDT,2024,2024-07-18,15.0,16.06,0.070667,0.227273,,67.62,5.14,Healthcare,,,0,Taux eleves (2022-2024),High Rate (2022-2024),4.21390379727974
ZONE,2024,2024-04-26,4.01,3.5,-0.127182,-0.114286,,5.3,5.14,Industrials,,,0,Taux eleves (2022-2024),High Rate (2022-2024),1.667706820558076
FLX,2024,2024-10-04,16.5,18.01,0.091515,-0.493448,,22.75,5.14,Industrials,,,0,Taux eleves (2022-2024),High Rate (2022-2024),3.1245651453969594
VIK,2024,2024-05-01,26.15,26.1,-0.001912,0.263985,,915.7,5.14,Industrials,,,0,Taux eleves (2022-2024),High Rate (2022-2024),6.819688800113687
FBLG,2024,2024-01-31,600.0,582.0,-0.03,-0.635739,,2.06,5.14,Healthcare,,,0,Taux eleves (2022-2024),High Rate (2022-2024),0.7227059828014898
SARO,2024,2024-10-02,31.0,32.75,0.056452,-0.112366,,845.91,5.14,Industrials,,,0,Taux eleves (2022-2024),High Rate (2022-2024),6.740412970968429
ZDAI,2024,2024-07-23,89.6,67.52,-0.246429,1.07346,,19.14,5.14,Industrials,,,0,Taux eleves (2022-2024),High Rate (2022-2024),2.9517803860248084
ZBAO,2024,2024-04-02,4.0,3.7,-0.075,0.010811,,3.02,5.14,Finance,,,0,Taux eleves (2022-2024),High Rate (2022-2024),1.1052568313867783
ETHM,2024,2024-12-09,9.8,9.8,0.0,-0.00102,,1.96,5.14,Finance,,,0,Taux eleves (2022-2024),High Rate (2022-2024),0.6729444732424258
KLC,2024,2024-10-09,27.0,26.13,-0.032222,-0.12744,,253.94,5.14,Other,,,0,Taux eleves (2022-2024),High Rate (2022-2024),5.537098018641645
GAUZ,2024,2024-06-06,16.7,16.45,-0.01497,-0.356231,,23.96,5.14,Industrials,,,0,Taux eleves (2022-2024),High Rate (2022-2024),3.1763857732472487
FGL,2024,2024-10-23,500.0,316.0,-0.368,-0.164557,,2.68,5.14,Industrials,,,0,Taux eleves (2022-2024),High Rate (2022-2024),0.9858167945227654
SPAI,2024,2024-08-28,4.0,4.27,0.0675,-0.419204,,1.75,5.14,Industrials,,,0,Taux eleves (2022-2024),High Rate (2022-2024),0.5596157879354227
RITR,2024,2024-08-23,4.71,4.15,-0.118896,0.253012,,6.99,5.14,Finance,,,0,Taux eleves (2022-2024),High Rate (2022-2024),1.944480556245719
EHGO,2024,2024-07-02,4.0,3.26,-0.185,-0.395706,,3.41,5.14,Tech,,,0,Taux eleves (2022-2024),High Rate (2022-2024),1.2267122912954254
ZSPC,2024,2024-12-05,5.8,22.0,2.793103,-0.277727,,15.38,5.14,Tech,,,0,Taux eleves (2022-2024),High Rate (2022-2024),2.733067964077498
WRD,2024,2024-10-25,15.5,16.55,0.067742,0.036858,,30.23,5.14,Tech,,,0,Taux eleves (2022-2024),High Rate (2022-2024),3.408834808791367
WLAC,2024,2024-12-30,9.9,9.89,-0.00101,0.0,,1.56,5.14,Finance,,,0,Taux eleves (2022-2024),High Rate (2022-2024),0.44468582126144574
RYDE,2024,2024-03-06,3.7,4.0,0.081081,-0.025,,9.95,5.14,Consumer,,,0,Taux eleves (2022-2024),High Rate (2022-2024),2.2975725511705014
ZBIO,2024,2024-09-13,18.35,18.15,-0.010899,0.123967,,35.32,5.14,Healthcare,,,0,Taux eleves (2022-2024),High Rate (2022-2024),3.564449375735759
NCI,2024,2024-04-23,21.75,47.5,1.183908,-0.922737,,30.55,5.14,Industrials,,,0,Taux eleves (2022-2024),High Rate (2022-2024),3.4193646856176043
PLRZ,2024,2024-10-29,2460.0,2325.0,-0.054878,-0.385806,,2.65,5.14,Industrials,,,0,Taux eleves (2022-2024),High Rate (2022-2024),0.9745596399981308
OS,2024,2024-07-24,26.0,26.85,0.032692,0.080819,,279.93,5.14,Other,,,0,Taux eleves (2022-2024),High Rate (2022-2024),5.634539571914041
CCIX,2024,2024-06-21,10.08,10.03,-0.00496,0.0,,0.01,5.14,Tech,,,0,Taux eleves (2022-2024),High Rate (2022-2024),-4.605170185988091
ORKT,2024,2024-07-25,20.8,22.8,0.096154,-0.17193,,20.11,5.14,Tech,,,0,Taux eleves (2022-2024),High Rate (2022-2024),3.001217203784561
HAO,2024,2024-01-26,4.25,5.28,0.242353,0.354167,,13.5,5.14,Tech,,,0,Taux eleves (2022-2024),High Rate (2022-2024),2.6026896854443837
XCH,2024,2024-09-10,7.25,7.36,0.015172,1.817935,,7.44,5.14,Industrials,,,0,Taux eleves (2022-2024),High Rate (2022-2024),2.0068708488450007
TWFG,2024,2024-07-18,22.0,22.01,0.000455,0.242163,,109.96,5.14,Finance,,,0,Taux eleves (2022-2024),High Rate (2022-2024),4.700116663297045
LOAR,2024,2024-04-25,45.0,48.8,0.084444,0.210246,,313.43,5.14,Industrials,,,0,Taux eleves (2022-2024),High Rate (2022-2024),5.747576049654617
MSW,2024,2024-11-22,5.65,5.59,-0.010619,0.109123,,3.72,5.14,Industrials,,,0,Taux eleves (2022-2024),High Rate (2022-2024),1.3137236682850553
IBAC,2024,2024-05-01,9.96,9.98,0.002008,-0.001002,,0.03,5.14,Finance,,,0,Taux eleves (2022-2024),High Rate (2022-2024),-3.506557897319982
IBG,2024,2024-09-26,75.0,73.0,-0.026667,-0.777397,,1.53,5.14,Industrials,,,0,Taux eleves (2022-2024),High Rate (2022-2024),0.4252677354043441
YIBO,2024,2024-01-25,4.0,2.79,-0.3025,-0.086022,,3.5,5.14,Industrials,,,0,Taux eleves (2022-2024),High Rate (2022-2024),1.252762968495368
AHR,2024,2024-02-07,11.8045,12.1444,0.028794,0.072617,,150.3,5.14,Finance,,,0,Taux eleves (2022-2024),High Rate (2022-2024),5.012633296758929
SBXD,2024,2024-10-07,9.95,9.98,0.003015,0.00501,,0.03,5.14,Finance,,,0,Taux eleves (2022-2024),High Rate (2022-2024),-3.506557897319982
LEGT,2024,2024-03-28,10.0,10.05,0.005,0.004975,,0.56,5.14,Finance,,,0,Taux eleves (2022-2024),High Rate (2022-2024),-0.579818495252942
AVR,2024,2024-12-13,6.0,5.6,-0.066667,-0.003571,,13.24,5.14,Industrials,,,0,Taux eleves (2022-2024),High Rate (2022-2024),2.5832425505088623
MMA,2024,2024-03-28,4.75,4.18,-0.12,-0.093301,,3.19,5.14,Consumer,,,0,Taux eleves (2022-2024),High Rate (2022-2024),1.1600209167967532
CGTL,2024,2024-11-26,4.29,3.91,-0.088578,1.043478,,6.42,5.14,Consumer,,,0,Taux eleves (2022-2024),High Rate (2022-2024),1.8594181177018698
RECT,2024,2024-06-21,4.05,3.9,-0.037037,-0.195641,,3.92,5.14,Industrials,,,0,Taux eleves (2022-2024),High Rate (2022-2024),1.366091653802371
NTCL,2024,2024-12-13,5.25,5.0,-0.047619,0.17,,12.54,5.14,Tech,,,0,Taux eleves (2022-2024),High Rate (2022-2024),2.5289235352047745
GIG,2024,2024-09-11,9.93,9.91,-0.002014,0.002018,,7.52,5.14,Industrials,,,0,Taux eleves (2022-2024),High Rate (2022-2024),2.017566137961748
BRIA,2024,2024-11-27,4.0,4.0,0.0,-0.0475,,1.82,5.14,Industrials,,,0,Taux eleves (2022-2024),High Rate (2022-2024),0.598836501088704
WAY,2024,2024-06-07,21.0,20.7,-0.014286,0.149275,,330.71,5.14,Tech,,,0,Taux eleves (2022-2024),High Rate (2022-2024),5.80124185841777
SPHL,2024,2024-10-18,32.96,33.28,0.009709,0.009615,,0.87,5.14,Industrials,,,0,Taux eleves (2022-2024),High Rate (2022-2024),-0.13926206733350766
EURK,2024,2024-09-12,10.05,10.03,-0.00199,0.004985,,4.81,5.14,Tech,,,0,Taux eleves (2022-2024),High Rate (2022-2024),1.5706970841176697
TWG,2024,2024-04-17,166.5,155.7,-0.064865,-0.410405,,5.81,5.14,Industrials,,,0,Taux eleves (2022-2024),High Rate (2022-2024),1.7595805708638197
PAL,2024,2024-05-09,15.0,14.75,-0.016667,0.098305,,54.24,5.14,Industrials,,,0,Taux eleves (2022-2024),High Rate (2022-2024),3.99341864363214
ULS,2024,2024-04-12,33.6409,34.3386,0.020742,0.201774,,503.06,5.14,Other,,,0,Taux eleves (2022-2024),High Rate (2022-2024),6.220709447280168
IBO,2024,2024-09-16,3.0,2.68,-0.106667,-0.253731,,0.61,5.14,Healthcare,,,0,Taux eleves (2022-2024),High Rate (2022-2024),-0.4942963218147801
CGON,2024,2024-01-25,29.0,37.17,0.281724,-0.04466,,255.92,5.14,Healthcare,,,0,Taux eleves (2022-2024),High Rate (2022-2024),5.544864895641263
PC,2024,2024-09-25,47.7,33.48,-0.298113,-0.820699,,7.38,5.14,Consumer,,,0,Taux eleves (2022-2024),High Rate (2022-2024),1.998773638612381
ARTV,2024,2024-07-19,16.0,12.0,-0.25,-0.038333,,10.11,5.14,Healthcare,,,0,Taux eleves (2022-2024),High Rate (2022-2024),2.3135250330323798
SDHC,2024,2024-01-11,23.5,24.0,0.021277,0.20125,,98.79,5.14,Industrials,,,0,Taux eleves (2022-2024),High Rate (2022-2024),4.592996385056383
LGCL,2024,2024-03-05,200.0,144.4,-0.278,-0.323823,,7.16,5.14,Tech,,,0,Taux eleves (2022-2024),High Rate (2022-2024),1.9685099809725544
WOK,2024,2024-08-23,36000.0,36000.0,0.0,0.513889,,3.85,5.14,Industrials,,,0,Taux eleves (2022-2024),High Rate (2022-2024),1.3480731482996928
OSTX,2024,2024-08-01,4.0,2.51,-0.3725,0.370518,,1.67,5.14,Healthcare,,,0,Taux eleves (2022-2024),High Rate (2022-2024),0.5128236264286637
LPAA,2024,2024-09-03,9.99,9.97,-0.002002,0.000502,,1.87,5.14,Finance,,,0,Taux eleves (2022-2024),High Rate (2022-2024),0.6259384308664954
HIT,2024,2024-12-23,5.25,5.1,-0.028571,0.05,,6.55,5.14,Finance,,,0,Taux eleves (2022-2024),High Rate (2022-2024),1.8794650496471605
RFAI,2024,2024-07-05,10.0,10.04,0.004,0.003984,,11.76,5.14,Finance,,,0,Taux eleves (2022-2024),High Rate (2022-2024),2.464703942470481
GRDN,2024,2024-09-26,14.46,16.0,0.106501,0.3125,,41.16,5.14,Consumer,,,0,Taux eleves (2022-2024),High Rate (2022-2024),3.717466910965849
RDDT,2024,2024-03-21,47.0,50.44,0.073191,-0.075337,,2289.16,5.14,Tech,,,0,Taux eleves (2022-2024),High Rate (2022-2024),7.73594021702915
UMAC,2024,2024-02-14,4.0,3.03,-0.2425,-0.422442,,1.49,5.14,Industrials,,,0,Taux eleves (2022-2024),High Rate (2022-2024),0.3987761199573678
AZI,2024,2024-08-28,1950.0,1310.0,-0.328205,-0.635496,,7.06,5.14,Consumer,,,0,Taux eleves (2022-2024),High Rate (2022-2024),1.9544450515051506
INTJ,2024,2024-03-20,100.0,66.0,-0.34,-0.660606,,31.74,5.14,Other,,,0,Taux eleves (2022-2024),High Rate (2022-2024),3.457577715098263
NIPG,2024,2024-07-26,13.11,9.02,-0.311976,-0.195122,,14.06,5.14,Consumer,,,0,Taux eleves (2022-2024),High Rate (2022-2024),2.643333886382519
QMMM,2024,2024-07-19,3.0,4.07,0.356667,0.545454,,9.06,5.14,Tech,,,0,Taux eleves (2022-2024),High Rate (2022-2024),2.203869120054888
NCEW,2024,2024-12-18,32.0,20.32,-0.365,-0.015748,,5.18,5.14,Industrials,,,0,Taux eleves (2022-2024),High Rate (2022-2024),1.6448050562713916
UPB,2024,2024-10-11,21.5,22.0,0.023256,-0.173182,,76.89,5.14,Healthcare,,,0,Taux eleves (2022-2024),High Rate (2022-2024),4.342375829044089
FVR,2024,2024-10-02,16.6661,17.0954,0.025753,0.018162,,82.57,5.14,Finance,,,0,Taux eleves (2022-2024),High Rate (2022-2024),4.413646418429337
ALAB,2024,2024-03-20,52.56,62.03,0.180175,0.274545,,885.28,5.14,Industrials,,,0,Taux eleves (2022-2024),High Rate (2022-2024),6.7859039791498
JL,2024,2024-01-24,6.8493,6.7945,-0.008,-0.705645,,9.33,5.14,Consumer,,,0,Taux eleves (2022-2024),High Rate (2022-2024),2.2332350148592526
RAPP,2024,2024-06-07,18.0,20.8,0.155556,-0.021635,,32.0,5.14,Healthcare,,,0,Taux eleves (2022-2024),High Rate (2022-2024),3.4657359027997265
SVCO,2024,2024-05-09,21.0,19.8,-0.057143,-0.083333,,80.56,5.14,Tech,,,0,Taux eleves (2022-2024),High Rate (2022-2024),4.389002248410307
LNKS,2024,2024-12-05,1062.5,1082.5,0.018824,-0.688222,,3.87,5.14,Industrials,,,0,Taux eleves (2022-2024),High Rate (2022-2024),1.3532545070416904
BKV,2024,2024-09-26,18.55,18.0,-0.02965,0.071667,,112.48,5.14,Industrials,,,0,Taux eleves (2022-2024),High Rate (2022-2024),4.722775428062355
LPBB,2024,2024-11-29,9.95,9.94,-0.001005,0.001006,,0.03,5.14,Finance,,,0,Taux eleves (2022-2024),High Rate (2022-2024),-3.506557897319982
JDZG,2024,2024-05-15,960.0,814.0,-0.152083,-0.796069,,11.36,5.14,Other,,,0,Taux eleves (2022-2024),High Rate (2022-2024),2.4300984132930052
LGCY,2024,2024-09-26,4.0,4.02,0.005,0.405473,,3.52,5.14,Other,,,0,Taux eleves (2022-2024),High Rate (2022-2024),1.2584609896100056
BCAX,2024,2024-09-13,26.25,23.41,-0.10819,-0.038872,,133.2,5.14,Healthcare,,,0,Taux eleves (2022-2024),High Rate (2022-2024),4.891851758106289
VENU,2024,2024-11-27,10.0,10.12,0.012,-0.09585,,2.95,5.14,Consumer,,,0,Taux eleves (2022-2024),High Rate (2022-2024),1.0818051703517284
RBRK,2024,2024-04-25,38.6,37.0,-0.041451,-0.085676,,717.2,5.14,Tech,,,0,Taux eleves (2022-2024),High Rate (2022-2024),6.575354741730978
AS,2024,2024-02-01,13.4,13.4,0.0,0.129105,,250.0,5.14,Industrials,,,0,Taux eleves (2022-2024),High Rate (2022-2024),5.521460917862246
TTAN,2024,2024-12-12,101.0,101.0,0.0,0.018515,,519.23,5.14,Tech,,,0,Taux eleves (2022-2024),High Rate (2022-2024),6.25234694492246
TDTH,2024,2024-09-10,4.5,3.83,-0.148889,-0.289817,,3.06,5.14,Consumer,,,0,Taux eleves (2022-2024),High Rate (2022-2024),1.1184149159642893
VACH,2024,2024-09-30,9.96,9.97,0.001004,0.006018,,14.15,5.14,Healthcare,,,0,Taux eleves (2022-2024),High Rate (2022-2024),2.649714624089247
SFHG,2024,2024-10-15,24.95,26.5,0.062124,1.207547,,9.52,5.14,Industrials,,,0,Taux eleves (2022-2024),High Rate (2022-2024),2.253394848803274
ZJK,2024,2024-09-30,5.5,5.0,-0.090909,-0.04,,6.0,5.14,Industrials,,,0,Taux eleves (2022-2024),High Rate (2022-2024),1.791759469228055
BOLD,2024,2024-03-28,14.25,14.25,0.0,-0.397193,,25.0,5.14,Healthcare,,,0,Taux eleves (2022-2024),High Rate (2022-2024),3.2188758248682006
CBNA,2024,2024-10-04,22.0,21.2,-0.036364,0.131132,,7.59,5.14,Finance,,,0,Taux eleves (2022-2024),High Rate (2022-2024),2.0268315914075385
TBBB,2024,2024-02-09,19.5,19.05,-0.023077,0.249869,,302.13,5.14,Consumer,,,0,Taux eleves (2022-2024),High Rate (2022-2024),5.710857388328163
HUHU,2024,2024-10-22,4.0,4.11,0.0275,0.243309,,6.55,5.14,Industrials,,,0,Taux eleves (2022-2024),High Rate (2022-2024),1.8794650496471605
BTSG,2024,2024-01-26,12.0,11.0,-0.083333,-0.16,,298.51,5.14,Healthcare,,,0,Taux eleves (2022-2024),High Rate (2022-2024),5.698803433109037
SIMA,2024,2024-08-30,9.97,9.96,-0.001003,0.003012,,14.97,5.14,Finance,,,0,Taux eleves (2022-2024),High Rate (2022-2024),2.706048198431537
SEPN,2024,2024-10-25,23.5,21.4,-0.089362,0.075234,,76.49,5.14,Healthcare,,,0,Taux eleves (2022-2024),High Rate (2022-2024),4.337160013333775
FLYE,2024,2024-06-06,550.0,478.0,-0.130909,0.334728,,16.34,5.14,Industrials,,,0,Taux eleves (2022-2024),High Rate (2022-2024),2.7936160894318567
KSPI,2024,2024-01-19,86.8809,90.1402,0.037514,0.110659,,296.31,5.14,Consumer,,,0,Taux eleves (2022-2024),High Rate (2022-2024),5.691406203588145
ALMS,2024,2024-06-28,13.5,13.3,-0.014815,-0.098496,,23.86,5.14,Healthcare,,,0,Taux eleves (2022-2024),High Rate (2022-2024),3.17220341666977
BYAH,2024,2024-12-27,205.0,203.5,-0.007317,0.545455,,7.22,5.14,Industrials,,,0,Taux eleves (2022-2024),High Rate (2022-2024),1.9768549529047348
HDL,2024,2024-05-17,27.0,22.29,-0.174444,-0.23284,,18.09,5.14,Consumer,,,0,Taux eleves (2022-2024),High Rate (2022-2024),2.895359299407204
PMAX,2024,2024-09-05,34.4,32.0,-0.069767,-0.3125,,7.67,5.14,Consumer,,,0,Taux eleves (2022-2024),High Rate (2022-2024),2.0373166153791646
PACS,2024,2024-04-11,23.0,23.0,0.0,0.270435,,150.71,5.14,Healthcare,,,0,Taux eleves (2022-2024),High Rate (2022-2024),5.015357460431585
AUNA,2024,2024-03-22,9.51,9.6,0.009464,-0.3,,86.04,5.14,Healthcare,,,0,Taux eleves (2022-2024),High Rate (2022-2024),4.454812304399529
SMXT,2024,2024-02-27,3.5,8.0,1.285714,0.485,,9.94,5.14,Industrials,,,0,Taux eleves (2022-2024),High Rate (2022-2024),2.2965670206684825
PSBD,2024,2024-01-18,12.2765,12.2311,-0.003692,0.004324,,12.83,5.14,Other,,,0,Taux eleves (2022-2024),High Rate (2022-2024),2.551786178627545
ICON,2024,2024-07-12,681.2807,663.3523,-0.026316,-0.424324,,1.33,5.14,Industrials,,,0,Taux eleves (2022-2024),High Rate (2022-2024),0.28517894223366247
JBDI,2024,2024-08-27,5.0,10.12,1.024,-0.896245,,28.43,5.14,Industrials,,,0,Taux eleves (2022-2024),High Rate (2022-2024),3.3474449256629084
MFI,2024,2024-04-22,60.8,98.32,0.617105,-0.894223,,25.91,5.14,Tech,,,0,Taux eleves (2022-2024),High Rate (2022-2024),3.2546289945740186
CAPN,2024,2024-10-24,9.97,9.95,-0.002006,0.00402,,5.58,5.14,Finance,,,0,Taux eleves (2022-2024),High Rate (2022-2024),1.7191887763932197
YXT,2024,2024-08-16,11.0,10.02,-0.089091,-0.719561,,3.61,5.14,Tech,,,0,Taux eleves (2022-2024),High Rate (2022-2024),1.2837077723447896
MRX,2024,2024-04-25,18.907,18.4126,-0.026154,0.053713,,137.44,5.14,Finance,,,0,Taux eleves (2022-2024),High Rate (2022-2024),4.923187458235946
TAVI,2024,2024-12-20,9.9,9.91,0.00101,0.000101,,6.72,5.14,Finance,,,0,Taux eleves (2022-2024),High Rate (2022-2024),1.9050881545350582
HTLM,2024,2024-10-01,4.51,4.02,-0.108647,0.014925,,1.33,5.14,Consumer,,,0,Taux eleves (2022-2024),High Rate (2022-2024),0.28517894223366247
BIOA,2024,2024-09-26,22.5,18.31,-0.186222,0.126161,,103.97,5.14,Healthcare,,,0,Taux eleves (2022-2024),High Rate (2022-2024),4.644102395989878
DTSQ,2024,2024-09-16,9.98,9.97,-0.001002,0.004012,,2.19,5.14,Finance,,,0,Taux eleves (2022-2024),High Rate (2022-2024),0.7839015438284094
CCTG,2024,2024-01-18,57.5,77.0,0.33913,-0.62987,,29.79,5.14,Industrials,,,0,Taux eleves (2022-2024),High Rate (2022-2024),3.394172766725191
FVN,2024,2024-11-04,9.97,9.97,0.0,0.008024,,1.01,5.14,Tech,,,0,Taux eleves (2022-2024),High Rate (2022-2024),0.009950330853168092
AVBP,2024,2024-01-26,24.0,20.0,-0.166667,-0.0335,,47.82,5.14,Healthcare,,,0,Taux eleves (2022-2024),High Rate (2022-2024),3.867443962030179
CHAR,2024,2024-11-26,9.95,9.9,-0.005025,0.006061,,2.56,5.14,Finance,,,0,Taux eleves (2022-2024),High Rate (2022-2024),0.9400072584914712
SUPX,2024,2024-04-17,4.0,4.06,0.015,0.014778,,8.94,5.14,Other,,,0,Taux eleves (2022-2024),High Rate (2022-2024),2.190535589185423
CTNM,2024,2024-04-05,14.5,15.4,0.062069,0.006494,,22.95,5.14,Healthcare,,,0,Taux eleves (2022-2024),High Rate (2022-2024),3.133317936506554
KYTX,2024,2024-02-09,30.15,30.1,-0.001658,-0.227907,,19.09,5.14,Healthcare,,,0,Taux eleves (2022-2024),High Rate (2022-2024),2.949164637737656
ANRO,2024,2024-02-02,22.0,20.7,-0.059091,-0.315942,,52.5,5.14,Healthcare,,,0,Taux eleves (2022-2024),High Rate (2022-2024),3.960813169597578
TBN,2024,2024-06-27,22.5,21.75,-0.033333,-0.011494,,12.15,5.14,Industrials,,,0,Taux eleves (2022-2024),High Rate (2022-2024),2.4973291697865574
YHNA,2024,2024-11-08,10.01,10.01,0.0,0.002997,,0.29,5.14,Finance,,,0,Taux eleves (2022-2024),High Rate (2022-2024),-1.2378743560016174
WYHG,2024,2024-11-26,4.0,4.24,0.06,0.415094,,3.3,5.14,Industrials,,,0,Taux eleves (2022-2024),High Rate (2022-2024),1.1939224684724346
BACQ,2024,2024-12-02,9.87,9.85,-0.002026,0.001015,,4.13,5.14,Other,,,0,Taux eleves (2022-2024),High Rate (2022-2024),1.4182774069729414
ONEG,2024,2024-12-31,4.0,3.0,-0.25,0.0,,7.0,5.14,Industrials,,,0,Taux eleves (2022-2024),High Rate (2022-2024),1.9459101490553132
YSXT,2024,2024-12-18,4.05,4.31,0.064197,-0.153132,,3.66,5.14,Consumer,,,0,Taux eleves (2022-2024),High Rate (2022-2024),1.297463147413275
YAAS,2024,2024-12-20,326.4,316.0,-0.031863,0.01924,,2.71,5.14,Tech,,,0,Taux eleves (2022-2024),High Rate (2022-2024),0.9969486348916096
GRAF,2024,2024-08-16,10.2,9.99,-0.020588,0.002002,,4.29,5.14,Finance,,,0,Taux eleves (2022-2024),High Rate (2022-2024),1.4562867329399256
CTRI,2024,2024-04-19,23.59,23.95,0.015261,0.146555,,41.17,5.14,Industrials,,,0,Taux eleves (2022-2024),High Rate (2022-2024),3.7177098357818132
GLE,2024,2024-09-20,5.15,4.18,-0.18835,-0.074163,,5.3,5.14,Tech,,,0,Taux eleves (2022-2024),High Rate (2022-2024),1.667706820558076
MGX,2024,2024-02-09,10.25,10.31,0.005854,0.081474,,28.23,5.14,Healthcare,,,0,Taux eleves (2022-2024),High Rate (2022-2024),3.340385242265398
FSHP,2024,2024-08-15,10.02,9.99,-0.002994,0.003003,,2.33,5.14,Finance,,,0,Taux eleves (2022-2024),High Rate (2022-2024),0.8458682675776092
TELO,2024,2024-02-09,7.0,5.0,-0.285714,0.11,,2.36,5.14,Healthcare,,,0,Taux eleves (2022-2024),High Rate (2022-2024),0.8586616190375187
MBX,2024,2024-09-13,23.0,23.65,0.028261,-0.101903,,42.04,5.14,Healthcare,,,0,Taux eleves (2022-2024),High Rate (2022-2024),3.7386215460087504
ACTU,2024,2024-08-13,9.88,8.61,-0.128543,-0.326365,,0.91,5.14,Healthcare,,,0,Taux eleves (2022-2024),High Rate (2022-2024),-0.09431067947124129
MACI,2024,2024-07-17,9.98,9.96,-0.002004,0.0,,0.11,5.14,Consumer,,,0,Taux eleves (2022-2024),High Rate (2022-2024),-2.2072749131897207
LOBO,2024,2024-03-21,5.26,3.47,-0.340304,-0.074928,,8.31,5.14,Industrials,,,0,Taux eleves (2022-2024),High Rate (2022-2024),2.1174596088673567
GRO,2024,2024-11-27,12.4,13.51,0.089516,-0.430052,,0.47,5.14,Industrials,,,0,Taux eleves (2022-2024),High Rate (2022-2024),-0.7550225842780328
IPST,2024,2024-11-22,80.0,68.0,-0.15,-0.494118,,1.37,5.14,Industrials,,,0,Taux eleves (2022-2024),High Rate (2022-2024),0.3148107398400336
LBGJ,2024,2024-10-23,470.0,410.0,-0.12766,-0.129268,,7.41,5.14,Industrials,,,0,Taux eleves (2022-2024),High Rate (2022-2024),2.0028304393079956
LSH,2024,2024-06-28,5.15,4.01,-0.221359,-0.19202,,5.36,5.14,Industrials,,,0,Taux eleves (2022-2024),High Rate (2022-2024),1.6789639750827108
WCT,2024,2024-10-02,195.0,205.5,0.053846,0.922141,,9.08,5.14,Tech,,,0,Taux eleves (2022-2024),High Rate (2022-2024),2.206074192613202
ROLR,2024,2024-10-23,7.0,7.79,0.112857,-0.272144,,1.87,5.14,Consumer,,,0,Taux eleves (2022-2024),High Rate (2022-2024),0.6259384308664954
CBLL,2024,2024-10-11,23.26,25.0,0.074807,0.0524,,83.07,5.14,Industrials,,,0,Taux eleves (2022-2024),High Rate (2022-2024),4.41968362585098
BTOC,2024,2024-05-14,5.0,4.62,-0.076,0.060606,,6.62,5.14,Industrials,,,0,Taux eleves (2022-2024),High Rate (2022-2024),1.890095369948917
ALF,2024,2024-08-01,9.98,10.02,0.004008,-0.004491,,0.02,5.14,Finance,,,0,Taux eleves (2022-2024),High Rate (2022-2024),-3.912023005428146
NAKA,2024,2024-05-31,4.0,3.02,-0.245,-0.215232,,1.76,5.14,Finance,,,0,Taux eleves (2022-2024),High Rate (2022-2024),0.5653138090500605
RDAC,2024,2024-12-02,10.0,9.99,-0.001,0.003003,,7.4,5.14,Finance,,,0,Taux eleves (2022-2024),High Rate (2022-2024),2.0014800002101243
MAMO,2024,2024-04-02,3.5,3.01,-0.14,0.365449,,3.38,5.14,Industrials,,,0,Taux eleves (2022-2024),High Rate (2022-2024),1.2178757094949273
TEM,2024,2024-06-14,40.0,40.25,0.00625,0.142112,,253.56,5.14,Tech,,,0,Taux eleves (2022-2024),High Rate (2022-2024),5.535600481415965
BKHA,2024,2024-05-13,10.2,10.13,-0.006863,0.001974,,0.01,5.14,Healthcare,,,0,Taux eleves (2022-2024),High Rate (2022-2024),-4.605170185988091
VCIC,2024,2024-10-28,9.96,9.96,0.0,0.00502,,4.37,5.14,Other,,,0,Taux eleves (2022-2024),High Rate (2022-2024),1.4747630091074988
CUB,2024,2024-08-12,9.96,9.97,0.001004,0.004012,,14.29,5.14,Finance,,,0,Taux eleves (2022-2024),High Rate (2022-2024),2.659559991941776
SUGP,2024,2024-01-24,43.8,40.0,-0.086758,-0.315,,7.81,5.14,Consumer,,,0,Taux eleves (2022-2024),High Rate (2022-2024),2.0554049638515948
CON,2024,2024-07-25,21.6181,22.0897,0.021818,0.079626,,118.38,5.14,Healthcare,,,0,Taux eleves (2022-2024),High Rate (2022-2024),4.773899789262579
NTWO,2024,2024-12-27,9.88,9.9,0.002024,0.0,,12.79,5.14,Finance,,,0,Taux eleves (2022-2024),High Rate (2022-2024),2.548663615590751
