ticker,year,open_px,close_px,underpricing,ret_30d,ipo_size_m,fed_rate,sic,sector,pe_backed,cohort,cohort_en,log_size,company_age,revenue_ltm,profitable,ret_12m_flag,ipo_date,OfferPrice,Size_Million,Date,FilingUrl,ret_12m,ret_12m.1
PINS,2019,23.75,24.39999961853027,0.2842105062384352,0.0,2068.850625,2.16,7370.0,Tech,1,2019-2021,Low Rate (2019–2021),7.634748478425847,11.0,1142.761,0.0,ok,1970-01-01 01:00:25.569,19.0,1425.0,2019-04-18T17:22:46-04:00,https://www.sec.gov/Archives/edgar/data/1506293/000119312519111067/d697629d424b4.htm,-0.2848360231248828,-0.2848360231248828
REAL,2019,28.0,28.89999961853027,0.4449999809265135,-0.3813148997655281,550.7656,2.16,5900.0,Consumer,1,2019-2021,Low Rate (2019–2021),6.311309310292655,8.0,316.354,0.0,ok,1970-01-01 01:00:25.569,20.0,300.0,2019-06-28T06:07:10-04:00,https://www.sec.gov/Archives/edgar/data/1573221/000119312519184923/d720814d424b4.htm,-0.53633218701019,-0.53633218701019
SNDL,2019,130.1999969482422,84.80000305175781,5.523077157827524,0.03183958550796561,121.2734851574707,2.16,2833.0,Industrials,1,2019-2021,Low Rate (2019–2021),4.798048203082092,13.0,,,ok,1970-01-01 01:00:25.569,13.0,143.0,2019-08-01T11:12:51-04:00,https://www.sec.gov/Archives/edgar/data/1766600/000119312519210209/d720415d424b4.htm,-0.9323113258897556,-0.9323113258897556
PGNY,2019,13.5,15.9399995803833,0.2261538138756385,0.7446675155604773,67.1409,2.16,8090.0,Healthcare,1,2019-2021,Low Rate (2019–2021),4.206793396287782,11.0,65.122,0.0,ok,1970-01-01 01:00:25.569,13.0,130.0,2019-10-25T16:44:36-04:00,https://www.sec.gov/Archives/edgar/data/1551306/000104746919005913/a2239907z424b4.htm,0.7534505331691705,0.7534505331691705
SITM,2019,13.0,13.0,0.0,0.9615384615384616,0.0013,2.16,3674.0,Industrials,1,2019-2021,Low Rate (2019–2021),-4.605170185988091,16.0,28.089,1.0,ok,1970-01-01 01:00:25.569,13.0,55.9,2019-11-21T16:55:16-05:00,https://www.sec.gov/Archives/edgar/data/1451809/000119312519297662/d701682d424b4.htm,5.213076664851262,5.213076664851262
DUO,2019,46800.0,46800.0,3599.0,0.0007692307692307692,10.764,2.16,6500.0,Finance,1,2019-2021,Low Rate (2019–2021),2.37620723286466,8.0,517.027,0.0,ok,1970-01-01 01:00:25.569,13.0,78.0,2019-11-01T16:07:59-04:00,https://www.sec.gov/Archives/edgar/data/1750593/000119312519281942/d731171d424b4.htm,-0.492923093616453,-0.492923093616453
TW,2019,33.16291949584567,34.66328811645508,0.2838254857946325,0.2088800941764475,1083.160643989412,2.16,6200.0,Finance,1,2019-2021,Low Rate (2019–2021),6.987638568401024,21.0,197.308,1.0,ok,1970-01-01 01:00:25.569,27.0,1080.0,2019-04-05T17:24:29-04:00,https://www.sec.gov/Archives/edgar/data/1758730/000114420419018482/tv517881_424b4.htm,0.2850318495871032,0.2850318495871032
PSNL,2019,23.60000038146973,28.48999977111816,0.6758823394775388,-0.4457704426568583,147.9625623916626,2.16,8071.0,Healthcare,1,2019-2021,Low Rate (2019–2021),4.996959284952053,8.0,18.154,0.0,ok,1970-01-01 01:00:25.569,17.0,134.6655,2019-06-20T17:16:54-04:00,https://www.sec.gov/Archives/edgar/data/1527753/000119312519177650/d677649d424b4.htm,-0.5745875751867933,-0.5745875751867933
SPT,2019,18.04999923706055,16.60000038146973,-0.02352938932530999,-0.0331325982994034,98.25336584701537,2.16,7372.0,Tech,1,2019-2021,Low Rate (2019–2021),4.587549508147468,9.0,102.707,0.0,ok,1970-01-01 01:00:25.569,17.0,150.00001,2019-12-13T16:46:12-05:00,https://www.sec.gov/Archives/edgar/data/1517375/000162828019015085/sproutsocial424b4.htm,1.786144514287362,1.786144514287362
GOTU,2019,12.10000038146973,10.47999954223633,-0.001904805501301914,-0.01335872096980674,165.4771852169037,2.16,8200.0,Other,0,2019-2021,Low Rate (2019–2021),5.108833331640128,,303.78,1.0,ok,1970-01-01 01:00:25.569,10.5,207.9,2019-06-06T13:38:15-04:00,https://www.sec.gov/Archives/edgar/data/1768259/000119312519166951/d709082d424b4.htm,2.950381997540103,2.950381997540103
ADPT,2019,39.0099983215332,40.29999923706055,0.8318181471391157,0.0330025274499657,438.6908371246338,2.16,2836.0,Industrials,1,2019-2021,Low Rate (2019–2021),6.083794921527406,5.0,85.071,0.0,ok,1970-01-01 01:00:25.569,22.0,107.8,2014-06-25T17:17:29-04:00,https://www.sec.gov/Archives/edgar/data/1602367/000104746914005870/a2220618z424b4.htm,0.1709677300269594,0.1709677300269594
SY,2019,15.11372251348296,16.67089462280273,0.2080358422320819,-0.2780219899660769,202.7007122340794,2.16,7374.0,Tech,1,2019-2021,Low Rate (2019–2021),5.311730567186756,6.0,165.422,1.0,ok,1970-01-01 01:00:25.569,13.8,179.4,2019-05-02T08:49:14-04:00,https://www.sec.gov/Archives/edgar/data/1758530/000119312519133974/d649858d424b4.htm,-0.4302197852488745,-0.4302197852488745
TRVI,2019,9.5,7.889999866485596,-0.2110000133514404,0.2040557871684146,12.98555,2.16,2834.0,Industrials,1,2019-2021,Low Rate (2019–2021),2.563837200782965,8.0,,,ok,1970-01-01 01:00:25.569,10.0,55.0,2019-05-08T16:02:52-04:00,https://www.sec.gov/Archives/edgar/data/1563880/000119312519141374/d643194d424b4.htm,-0.656527239036054,-0.656527239036054
JFU,2019,217.6000061035156,195.1999969482422,19.54736809981497,0.06045083625122502,26.76480075073242,2.16,6199.0,Finance,0,2019-2021,Low Rate (2019–2021),3.287087619421312,,635.606,0.0,ok,1970-01-01 01:00:25.569,9.5,84.55,2019-08-15T16:22:43-04:00,https://www.sec.gov/Archives/edgar/data/1619544/000104746919004776/a2239503z424b4.htm,-0.7930327758325166,-0.7930327758325166
HBT,2019,12.88293114357618,12.35807037353516,-0.2276206016540525,0.1177606669230774,48.37025327167112,2.16,6022.0,Finance,1,2019-2021,Low Rate (2019–2021),3.878885022952486,99.0,,,ok,1970-01-01 01:00:25.569,16.0,132.8,2019-10-11T17:08:24-04:00,https://www.sec.gov/Archives/edgar/data/775215/000104746919005718/a2239831z424b4.htm,-0.1957104038345546,-0.1957104038345546
OPRT,2019,15.69999980926514,16.17000007629395,0.07800000508626326,0.05132961779776844,27.06208967123032,2.16,6199.0,Finance,1,2019-2021,Low Rate (2019–2021),3.298133843383753,14.0,600.148,1.0,ok,1970-01-01 01:00:25.569,15.0,93.75,2019-09-26T17:50:30-04:00,https://www.sec.gov/Archives/edgar/data/1538716/000119312519256164/d692259d424b4.htm,-0.2980828492320533,-0.2980828492320533
GOSS,2019,19.0,17.94000053405762,0.1212500333786013,0.2318840425625792,112.005,2.16,2834.0,Industrials,1,2019-2021,Low Rate (2019–2021),4.718543513155774,16.0,,,ok,1970-01-01 01:00:25.569,16.0,276.0,2019-02-08T16:40:52-05:00,https://www.sec.gov/Archives/edgar/data/1728117/000119312519032320/d626440d424b4.htm,-0.1750278846068996,-0.1750278846068996
BRBR,2019,16.1200008392334,16.35000038146973,0.1678571701049807,0.237308811635503,19.65350502319336,2.16,2000.0,Industrials,1,2019-2021,Low Rate (2019–2021),2.978255695090351,33.0,244.0,1.0,ok,1970-01-01 01:00:25.569,14.0,479.999996,2019-10-17T16:06:30-04:00,https://www.sec.gov/Archives/edgar/data/1772016/000119312519269310/d727525d424b4.htm,0.384709410484631,0.384709410484631
CABA,2019,9.0,10.0,-0.09090909090909091,-0.0890000343322754,8.7435,2.16,2836.0,Industrials,1,2019-2021,Low Rate (2019–2021),2.168310567171577,2.0,,,ok,1970-01-01 01:00:25.569,11.0,74.8,2019-10-25T16:36:54-04:00,https://www.sec.gov/Archives/edgar/data/1759138/000119312519274807/d686907d424b4.htm,0.2060000419616699,0.2060000419616699
TIGR,2019,8.109999656677246,10.92000007629395,0.3650000095367438,0.2051281827351764,178.2050774559975,2.16,6211.0,Finance,1,2019-2021,Low Rate (2019–2021),5.182935007649856,5.0,58.6629,0.0,ok,1970-01-01 01:00:25.569,8.0,104.0,2019-03-20T13:53:21-04:00,https://www.sec.gov/Archives/edgar/data/1756699/000104746919001463/a2238128z424b4.htm,-0.7985347955757197,-0.7985347955757197
NFE,2019,11.63414131877619,11.47609233856201,-0.1802791186741421,-0.2134660123296898,47.08336991708725,2.16,4924.0,Industrials,1,2019-2021,Low Rate (2019–2021),3.851919858358222,5.0,69.752,0.0,ok,1970-01-01 01:00:25.569,14.0,280.0,2019-01-31T17:05:35-05:00,https://www.sec.gov/Archives/edgar/data/1749723/000114036119002130/s002392x18_424b4.htm,0.1514919033894725,0.1514919033894725
PSTL,2019,11.60106563568115,11.60106563568115,-0.317584374371697,-0.1023529012341467,12.3852976726532,2.16,6798.0,Finance,1,2019-2021,Low Rate (2019–2021),2.516510097586134,1.0,11.289356,0.0,ok,1970-01-01 01:00:25.569,17.0,76.5,2019-05-16T17:27:07-04:00,https://www.sec.gov/Archives/edgar/data/1759774/000161577419008054/s118352_424b4.htm,-0.1295836279039179,-0.1295836279039179
PHR,2019,26.75,25.07999992370605,0.3933333290947806,0.07496009435748018,213.97325,2.16,7389.0,Consumer,1,2019-2021,Low Rate (2019–2021),5.3658510072087,2097.0,32.843,0.0,ok,1970-01-01 01:00:25.569,18.0,167.187492,2019-07-19T16:07:23-04:00,https://www.sec.gov/Archives/edgar/data/1412408/000119312519198016/d692551d424b4.htm,0.1746411153943645,0.1746411153943645
DTIL,2019,540.0,523.2000122070312,31.70000076293945,-0.251720200944715,69.55362,2.16,2836.0,Industrials,1,2019-2021,Low Rate (2019–2021),4.242097965900649,13.0,1070.0,0.0,ok,1970-01-01 01:00:25.569,16.0,126.4,2019-03-28T17:29:16-04:00,https://www.sec.gov/Archives/edgar/data/1357874/000119312519090666/d717633d424b4.htm,-0.6536697386839108,-0.6536697386839108
QNCX,2019,201.6999969482422,328.8999938964844,18.34705846449908,0.09121313638407055,27.11049658981323,2.16,2836.0,Industrials,0,2019-2021,Low Rate (2019–2021),3.299920980930903,,,,ok,1970-01-01 01:00:25.569,17.0,75.004,2019-05-09T17:14:55-04:00,https://www.sec.gov/Archives/edgar/data/1662774/000119312519143164/d703513d424b4.htm,0.4335664601696421,0.4335664601696421
UBER,2019,42.0,41.56999969482422,-0.07622222900390625,0.03656484168685051,7825.545,2.16,7389.0,Consumer,1,2019-2021,Low Rate (2019–2021),8.965148661545307,10.0,13000.0,0.0,ok,1970-01-01 01:00:25.569,45.0,8100.0,2019-05-13T06:07:15-04:00,https://www.sec.gov/Archives/edgar/data/1543151/000119312519144716/d647752d424b4.htm,-0.2112099794022864,-0.2112099794022864
PLMR,2019,18.5,18.98999977111816,0.2659999847412107,0.2216956841792209,80.3233,2.16,6331.0,Finance,1,2019-2021,Low Rate (2019–2021),4.386059740756797,5.0,34.623,1.0,ok,1970-01-01 01:00:25.569,15.0,84.375,2019-04-17T16:59:46-04:00,https://www.sec.gov/Archives/edgar/data/1761312/000104746919002321/a2238510z424b4.htm,1.908899544194895,1.908899544194895
NVST,2019,25.64999961853027,27.95000076293945,0.2704545801336113,0.07906973252762926,259.3881861423492,2.16,3843.0,Industrials,1,2019-2021,Low Rate (2019–2021),5.558325727831926,2096.0,2284.8,1.0,ok,1970-01-01 01:00:25.569,22.0,588.896,2019-09-18T17:33:32-04:00,https://www.sec.gov/Archives/edgar/data/1757073/000175707319000026/envista424b4.htm,-0.08622539469149745,-0.08622539469149745
GO,2019,31.0,28.51000022888184,0.2959091013128109,0.3591722093619842,415.2605,2.16,5411.0,Consumer,1,2019-2021,Low Rate (2019–2021),6.028906034146026,73.0,655.517,1.0,ok,1970-01-01 01:00:25.569,22.0,378.125,2019-06-20T17:18:32-04:00,https://www.sec.gov/Archives/edgar/data/1771515/000119312519177655/d710724d424b4.htm,0.2209751348239911,0.2209751348239911
AMTD,2019,53.45999908447266,60.54000091552734,3.804761977422805,-0.127849381589316,15.26993991849518,2.16,6199.0,Finance,1,2019-2021,Low Rate (2019–2021),2.725886184612138,26.0,,,ok,1970-01-01 01:00:25.569,12.6,542.9508588,2003-11-14T16:04:50-05:00,https://www.sec.gov/Archives/edgar/data/1173431/000095013703005984/c80472b4e424b4.htm,-0.3161545936603942,-0.3161545936603942
MIRM,2019,13.0,13.21000003814697,-0.1193333307902019,-0.02498106909561715,19.1659,2.16,2834.0,Industrials,1,2019-2021,Low Rate (2019–2021),2.953132658335174,1.0,,,ok,1970-01-01 01:00:25.569,15.0,75.0,2019-07-18T16:04:13-04:00,https://www.sec.gov/Archives/edgar/data/1759425/000119312519196500/d730455d424b4.htm,0.5238455036060945,0.5238455036060945
BBIO,2019,30.61000061035156,27.54999923706055,0.6205881904153265,-0.02431942268051515,152.6214630432129,2.16,2834.0,Industrials,1,2019-2021,Low Rate (2019–2021),5.0279607579983,4.0,40.56,0.0,ok,1970-01-01 01:00:25.569,17.0,348.5,2019-06-28T16:33:00-04:00,https://www.sec.gov/Archives/edgar/data/1743881/000119312519186080/d613995d424b4.htm,0.2457350506440885,0.2457350506440885
JMIA,2019,18.95000076293945,25.45999908447266,0.7558620058257006,-0.09426550293923484,179.5000922267914,2.16,5961.0,Consumer,0,2019-2021,Low Rate (2019–2021),5.190175721726482,,,,ok,1970-01-01 01:00:25.569,14.5,195.75,2019-04-15T07:24:08-04:00,https://www.sec.gov/Archives/edgar/data/1756708/000119312519105752/d650749d424b4.htm,-0.8731343230470352,-0.8731343230470352
ALRS,2019,15.24711542212253,15.80155658721924,-0.2475449244181314,-0.01253137385040002,0.03201894238645731,2.16,6021.0,Finance,0,2019-2021,Low Rate (2019–2021),-3.441427601738661,,,,ok,1970-01-01 01:00:25.569,21.0,60.06,2019-09-13T14:33:35-04:00,https://www.sec.gov/Archives/edgar/data/903419/000104746919005221/a2239683z424b4.htm,0.1770653015577764,0.1770653015577764
KRRO,2019,560.0,685.0,47.92857142857143,0.1218978102189781,20.68864,2.16,2834.0,Industrials,0,2019-2021,Low Rate (2019–2021),3.029584757359197,,4.709,0.0,ok,1970-01-01 01:00:25.569,14.0,84.0,2019-10-04T16:19:48-04:00,https://www.sec.gov/Archives/edgar/data/1703647/000119312519262758/d72917d424b4.htm,0.4510948905109489,0.4510948905109489
BYND,2019,46.0,65.75,1.63,1.303878262015803,1063.474,2.16,2000.0,Industrials,1,2019-2021,Low Rate (2019–2021),6.969296186762696,10.0,98.479,0.0,ok,1970-01-01 01:00:25.569,25.0,240.625,2019-05-02T20:34:56-04:00,https://www.sec.gov/Archives/edgar/data/1655210/000162828019005740/beyondmeat424b4.htm,0.5055512983082818,0.5055512983082818
DAO,2019,13.5,12.5,-0.2647058823529412,0.1263999938964844,53.18865,2.16,8200.0,Other,1,2019-2021,Low Rate (2019–2021),3.973845027721471,13.0,187.435,0.0,ok,1970-01-01 01:00:25.569,17.0,95.2,2019-10-25T13:37:12-04:00,https://www.sec.gov/Archives/edgar/data/1781753/000119312519274545/d771710d424b4.htm,1.12,1.12
SPFI,2019,16.05001922560706,15.96886730194092,-0.08749329703194744,-0.02540942971904147,23.26931787328511,2.16,6022.0,Finance,1,2019-2021,Low Rate (2019–2021),3.147135663317085,78.0,,,ok,1970-01-01 01:00:25.569,17.5,59.15,2019-05-09T13:43:11-04:00,https://www.sec.gov/Archives/edgar/data/1163668/000114036119008813/s002614x11_424b4.htm,-0.3110866034811094,-0.3110866034811094
NET,2019,18.0,18.0,0.2,-0.1016666624281141,647.8866,2.16,7372.0,Tech,1,2019-2021,Low Rate (2019–2021),6.473715681037988,10.0,287.022,0.0,ok,1970-01-01 01:00:25.569,15.0,525.0,2019-09-13T06:07:47-04:00,https://www.sec.gov/Archives/edgar/data/1477333/000119312519244325/d735023d424b4.htm,0.8983332316080729,0.8983332316080729
APRE,2019,309.1000061035156,410.0,26.33333333333333,0.3190243604706555,28.13737355560303,2.16,2834.0,Industrials,1,2019-2021,Low Rate (2019–2021),3.337098712419218,16.0,,,ok,1970-01-01 01:00:25.569,15.0,85.000005,2019-10-03T20:41:06-04:00,https://www.sec.gov/Archives/edgar/data/1781983/000104746919005587/a2239817z424b4.htm,0.2717073766196647,0.2717073766196647
CSTL,2019,20.0,21.39999961853027,0.3374999761581419,0.1873831916057407,43.128,2.16,8071.0,Healthcare,1,2019-2021,Low Rate (2019–2021),3.764172438149368,8.0,17.635,1.0,ok,1970-01-01 01:00:25.569,16.0,64.0,2019-07-25T21:58:57-04:00,https://www.sec.gov/Archives/edgar/data/1447362/000114036119013449/nt10000802x12_424b4.htm,0.8742991273523335,0.8742991273523335
STOK,2019,27.20999908447266,25.56999969482422,0.4205555386013455,0.003128663459556003,170.2965002700806,2.16,2834.0,Industrials,1,2019-2021,Low Rate (2019–2021),5.137541037076274,5.0,,,ok,1970-01-01 01:00:25.569,18.0,142.03998,2019-06-19T16:16:53-04:00,https://www.sec.gov/Archives/edgar/data/1623526/000119312519176488/d675029d424b4.htm,-0.0993351207858187,-0.0993351207858187
DT,2019,25.5,23.85000038146973,0.4906250238418581,-0.11865827582564,740.44605,2.16,7372.0,Tech,1,2019-2021,Low Rate (2019–2021),6.607252774875455,76.0,430.966,0.0,ok,1970-01-01 01:00:25.569,16.0,569.753792,2019-08-01T16:36:13-04:00,https://www.sec.gov/Archives/edgar/data/1773383/000119312519210943/d668054d424b4.htm,0.7765198429432381,0.7765198429432381
PSN,2019,30.64999961853027,30.06999969482422,0.113703692400897,0.1882274660743124,453.537239355278,2.16,7373.0,Tech,1,2019-2021,Low Rate (2019–2021),6.117077381631042,75.0,1037.388,1.0,ok,1970-01-01 01:00:25.569,27.0,499.9995,2019-05-09T06:34:41-04:00,https://www.sec.gov/Archives/edgar/data/275880/000119312519142103/d625480d424b4.htm,0.19687402872377,0.19687402872377
TELA,2019,13.75,13.35000038146973,0.02692310626690231,-0.08239702996537483,17.45975,2.16,3841.0,Industrials,1,2019-2021,Low Rate (2019–2021),2.859898231866793,7.0,15.446,0.0,ok,1970-01-01 01:00:25.569,13.0,52.0,2019-11-08T16:49:31-05:00,https://www.sec.gov/Archives/edgar/data/1561921/000104746919006195/a2240032z424b4.htm,0.2232209331149288,0.2232209331149288
PINE,2019,12.70252990722656,12.70252990722656,-0.3314457943564968,0.004660436434575055,19.07538916168213,2.16,6798.0,Finance,1,2019-2021,Low Rate (2019–2021),2.948398978623334,9.0,1.394,0.0,ok,1970-01-01 01:00:25.569,19.0,142.5,2019-11-25T17:17:03-05:00,https://www.sec.gov/Archives/edgar/data/1786117/000119312519300019/d793798d424b4.htm,-0.1367571175345751,-0.1367571175345751
BCYC,2019,13.36999988555908,12.0,-0.1428571428571428,-0.2575000127156575,13.21624488687515,2.16,2834.0,Industrials,1,2019-2021,Low Rate (2019–2021),2.581446746182856,10.0,5.281,0.0,ok,1970-01-01 01:00:25.569,14.0,60.666662,2019-05-23T16:34:39-04:00,https://www.sec.gov/Archives/edgar/data/1761612/000104746919003291/a2238889z424b4.htm,0.2324999968210856,0.2324999968210856
FULC,2019,14.5,13.5,-0.15625,-0.1911111054597077,17.9974,2.16,2834.0,Industrials,1,2019-2021,Low Rate (2019–2021),2.890227303018617,4.0,,,ok,1970-01-01 01:00:25.569,16.0,72.0,2019-07-18T17:19:33-04:00,https://www.sec.gov/Archives/edgar/data/1680581/000104746919004265/a2239252z424b4.htm,0.3170370878996672,0.3170370878996672
AVTR,2019,14.72000026702881,14.5,0.03571428571428571,0.2924137773184941,576.6147944601059,2.16,3826.0,Industrials,1,2019-2021,Low Rate (2019–2021),6.357174442974524,115.0,1524.0,1.0,ok,1970-01-01 01:00:25.569,14.0,2898.0,2019-05-20T06:11:35-04:00,https://www.sec.gov/Archives/edgar/data/1722482/000119312519150954/d698870d424b4.htm,0.2317241800242457,0.2317241800242457
TXG,2019,54.0,52.75,0.3525641025641026,0.07715639231894253,395.6202,2.16,3826.0,Industrials,1,2019-2021,Low Rate (2019–2021),5.980454660123417,7.0,75.289,0.0,ok,1970-01-01 01:00:25.569,39.0,390.0,2019-09-12T06:08:48-04:00,https://www.sec.gov/Archives/edgar/data/1770787/000119312519243349/d737378d424b4.htm,1.151848381729488,1.151848381729488
PD,2019,36.75,38.25,0.59375,0.3911110871757557,341.330325,2.16,7372.0,Tech,1,2019-2021,Low Rate (2019–2021),5.832850703415942,10.0,117.823,0.0,ok,1970-01-01 01:00:25.569,24.0,217.68,2019-04-11T16:57:15-04:00,https://www.sec.gov/Archives/edgar/data/1568100/000162828019004208/pagerduty424b4.htm,-0.5192157022314134,-0.5192157022314134
BILL,2019,37.25,35.5,0.6136363636363636,0.07183096442424075,354.102225,2.16,7372.0,Tech,1,2019-2021,Low Rate (2019–2021),5.869585642633841,13.0,39.08,0.0,ok,1970-01-01 01:00:25.569,22.0,216.117638,2019-12-12T06:23:20-05:00,https://www.sec.gov/Archives/edgar/data/1786352/000119312519312012/d710902d424b4.htm,2.862253538319762,2.862253538319762
FUTU,2019,14.41998660573737,14.96708583831787,0.2472571531931558,-0.01892950146255348,104.5521128848988,2.16,6211.0,Finance,0,2019-2021,Low Rate (2019–2021),4.649685634995151,,136.282,1.0,ok,1970-01-01 01:00:25.569,12.0,90.0,2019-03-08T13:48:15-05:00,https://www.sec.gov/Archives/edgar/data/1754581/000119312519068853/d620103d424b4.htm,-0.1514360784920504,-0.1514360784920504
DOYU,2019,20.30044838788428,21.18467903137207,0.8421460027280061,-0.2330435397973849,66.1561162288567,2.16,7370.0,Tech,1,2019-2021,Low Rate (2019–2021),4.192017346284636,5.0,1041.145646,1.0,ok,1970-01-01 01:00:25.569,11.5,774.951765,2019-07-18T14:43:29-04:00,https://www.sec.gov/Archives/edgar/data/1762417/000104746919004260/a2239266z424b4.htm,0.0713043176058644,0.0713043176058644
HCAT,2019,37.36999893188477,39.16999816894531,0.5065383911132812,-0.07148326188282636,227.2245415054321,2.16,7370.0,Tech,1,2019-2021,Low Rate (2019–2021),5.425938698202962,11.0,154.941,0.0,ok,1970-01-01 01:00:25.569,26.0,182.0,2019-07-25T06:04:32-04:00,https://www.sec.gov/Archives/edgar/data/1636422/000162828019009003/healthcatalyst424b4.htm,-0.07352559070838259,-0.07352559070838259
CAN,2019,9.0,9.0,0.0,-0.3222222328186035,0.0009,2.16,6199.0,Finance,1,2019-2021,Low Rate (2019–2021),-4.605170185988091,99.0,204.347,0.0,ok,1970-01-01 01:00:25.569,9.0,90.0,2019-11-21T12:18:47-05:00,https://www.sec.gov/Archives/edgar/data/1780652/000119312519297270/d773846d424b4.htm,-0.6433333290947808,-0.6433333290947808
PHAT,2019,22.5,24.60000038146973,0.2947368621826174,-0.05894311953066819,19.2735,2.16,2834.0,Industrials,1,2019-2021,Low Rate (2019–2021),2.958731095409508,1.0,,,ok,1970-01-01 01:00:25.569,19.0,181.699983,2019-10-25T18:38:18-04:00,https://www.sec.gov/Archives/edgar/data/1783183/000119312519274989/d63338d424b4.htm,0.6178861227595923,0.6178861227595923
YJ,2019,540.0,566.0,50.45454545454545,-0.2261484098939929,118.24812,2.16,5990.0,Consumer,1,2019-2021,Low Rate (2019–2021),4.772785128725575,4.0,1676.581,0.0,ok,1970-01-01 01:00:25.569,11.0,121.0,2019-05-03T15:00:45-04:00,https://www.sec.gov/Archives/edgar/data/1759614/000119312519136764/d633184d424b4.htm,-0.7307420602535611,-0.7307420602535611
IPHA,2019,5.900000095367432,6.050000190734863,0.1000000346790661,0.03884291723447068,4.881660078907013,2.16,2836.0,Industrials,0,2019-2021,Low Rate (2019–2021),1.585485342120819,,,,ok,1970-01-01 01:00:25.569,5.5,68.75,2019-10-18T16:08:35-04:00,https://www.sec.gov/Archives/edgar/data/1598599/000119312519270053/d752656d424b4.htm,-0.3487603416518427,-0.3487603416518427
RVLV,2019,25.15999984741211,34.0,0.8888888888888888,0.01147057028377757,475.0786651187897,2.16,5961.0,Consumer,1,2019-2021,Low Rate (2019–2021),6.16348040109909,16.0,600.993,1.0,ok,1970-01-01 01:00:25.569,18.0,211.764708,2019-06-07T16:03:52-04:00,https://www.sec.gov/Archives/edgar/data/1746618/000119312519168155/d669074d424b4.htm,-0.486470615162569,-0.486470615162569
ALEC,2019,18.70000076293945,18.07999992370605,-0.04842105664704994,-0.001659330020581009,67.80807276649475,2.16,2836.0,Industrials,1,2019-2021,Low Rate (2019–2021),4.216681255210825,22.0,6.001,0.0,ok,1970-01-01 01:00:25.569,19.0,175.75,2019-02-07T13:52:39-05:00,https://www.sec.gov/Archives/edgar/data/1653087/000119312519030566/d550248d424b4.htm,0.9065266242344892,0.9065266242344892
VIR,2019,16.14999961853027,14.02000045776367,-0.2989999771118165,-0.08773184420472135,49.21227883758545,2.16,2836.0,Industrials,1,2019-2021,Low Rate (2019–2021),3.896143162230506,3.0,0.98,0.0,ok,1970-01-01 01:00:25.569,20.0,142.85716,2019-10-11T17:31:57-04:00,https://www.sec.gov/Archives/edgar/data/1706431/000119312519266864/d755217d424b4.htm,1.91654765011119,1.91654765011119
NXTC,2019,186.6000061035156,238.8000030517578,14.92000020345052,-0.2653266323309839,25.60618583755493,2.16,2834.0,Industrials,1,2019-2021,Low Rate (2019–2021),3.242833956576146,4.0,6.347,0.0,ok,1970-01-01 01:00:25.569,15.0,75.0,2019-05-09T16:57:28-04:00,https://www.sec.gov/Archives/edgar/data/1661059/000104746919002988/a2238771z424b4.htm,0.8035175342206136,0.8035175342206136
LEVI,2019,19.17855675214884,19.34255027770996,0.1377970751594095,0.008924899125506222,832.9956804058072,2.16,2300.0,Industrials,1,2019-2021,Low Rate (2019–2021),6.725028456566132,166.0,1568.608,1.0,ok,1970-01-01 01:00:25.569,17.0,623.333339,2019-03-21T16:57:26-04:00,https://www.sec.gov/Archives/edgar/data/94845/000119312519082264/d632158d424b4.htm,-0.4419013415582265,-0.4419013415582265
XGN,2019,16.79999923706055,17.11000061035156,0.2221429007393971,-0.1198129817420703,15.4274392993927,2.16,8071.0,Healthcare,1,2019-2021,Low Rate (2019–2021),2.736147696633489,17.0,40.387,0.0,ok,1970-01-01 01:00:25.569,14.0,50.4,2019-09-20T16:13:24-04:00,https://www.sec.gov/Archives/edgar/data/1274737/000119312519250698/d692844d424b4.htm,-0.2355348067145804,-0.2355348067145804
CHWY,2019,36.0,34.9900016784668,0.5904546217484907,-0.02372111435380351,2508.1704,2.16,5961.0,Consumer,1,2019-2021,Low Rate (2019–2021),7.82730884202855,8.0,3532.837,0.0,ok,1970-01-01 01:00:25.569,22.0,1023.0,2019-06-17T08:03:45-04:00,https://www.sec.gov/Archives/edgar/data/1766502/000119312519174261/d665122d424b4.htm,0.3755358319326668,0.3755358319326668
ZM,2019,65.0,62.0,0.7222222222222222,0.2241935729980469,1674.7055,2.16,7370.0,Tech,1,2019-2021,Low Rate (2019–2021),7.423392607905339,8.0,166.593,1.0,ok,1970-01-01 01:00:25.569,36.0,751.30434,2019-04-18T16:17:57-04:00,https://www.sec.gov/Archives/edgar/data/1585521/000119312519110919/d642624d424b4.htm,1.420322541267641,1.420322541267641
CRWD,2019,63.5,58.0,0.7058823529411765,0.5910344617120151,1235.0242,2.16,7372.0,Tech,1,2019-2021,Low Rate (2019–2021),7.118845844011796,8.0,249.824,0.0,ok,1970-01-01 01:00:25.569,34.0,612.0,2019-06-13T06:03:28-04:00,https://www.sec.gov/Archives/edgar/data/1535527/000104746919003607/a2239024z424b4.htm,0.6762069175983297,0.6762069175983297
BNTX,2019,16.28431141431645,14.05385398864746,-0.06307640075683606,0.3820225298567492,45.69052096628909,2.16,2836.0,Industrials,1,2019-2021,Low Rate (2019–2021),3.821890857705165,11.0,,,ok,1970-01-01 01:00:25.569,15.0,150.0,2019-10-11T16:08:37-04:00,https://www.sec.gov/Archives/edgar/data/1776985/000119312519266733/d635330d424b4.htm,5.176264242324552,5.176264242324552
MEC,2019,17.0,16.46999931335449,-0.03117651097914773,-0.1311474792829156,47.8465,2.16,3460.0,Industrials,1,2019-2021,Low Rate (2019–2021),3.86799796997816,74.0,102.331,0.0,ok,1970-01-01 01:00:25.569,17.0,106.25,2019-05-10T16:54:06-04:00,https://www.sec.gov/Archives/edgar/data/1766368/000119312519144347/d725632d424b4.htm,-0.6952033885723292,-0.6952033885723292
TMDX,2019,20.25,22.36000061035156,0.3975000381469724,0.1636851407650549,89.681175,2.16,3845.0,Industrials,1,2019-2021,Low Rate (2019–2021),4.496260880819018,21.0,6.057,0.0,ok,1970-01-01 01:00:25.569,16.0,91.04,2019-05-02T16:38:29-04:00,https://www.sec.gov/Archives/edgar/data/1756262/000119312519135109/d737200d424b4.htm,-0.190966025993169,-0.190966025993169
FDMT,2020,40.0,40.5,0.7608695652173914,0.02345680896146798,145.976,0.38,2836.0,Industrials,1,2019-2021,Low Rate (2019–2021),4.983442224634234,7.0,13.612,0.0,ok,1970-01-01 01:00:25.569,23.0,193.2,2020-12-11T21:46:25-05:00,https://www.sec.gov/Archives/edgar/data/1650648/000119312520316117/d69563d424b4.htm,-0.458518510983314,-0.458518510983314
SLQT,2020,26.20000076293945,27.0,0.35,-0.05037039297598379,533.67043554039,0.38,6411.0,Finance,1,2019-2021,Low Rate (2019–2021),6.279778486528008,35.0,141.447,1.0,ok,1970-01-01 01:00:25.569,20.0,570.0,2020-05-21T20:49:54-04:00,https://www.sec.gov/Archives/edgar/data/1794783/000119312520149027/d838810d424b4.htm,-0.2251851823594835,-0.2251851823594835
RVMD,2020,28.20999908447266,28.89999961853027,0.6999999775606041,-0.2221453342918915,206.4182053009033,0.38,2836.0,Industrials,1,2019-2021,Low Rate (2019–2021),5.329904233694911,6.0,8.751,0.0,ok,1970-01-01 01:00:25.569,17.0,238.0,2020-02-13T16:02:55-05:00,https://www.sec.gov/Archives/edgar/data/1628171/000119312520035507/d799036d424b4.htm,0.7373702334680555,0.7373702334680555
CERT,2020,29.89999961853027,38.08000183105469,0.6556522535241168,-0.114495808842003,602.5208723129273,0.38,7372.0,Tech,1,2019-2021,Low Rate (2019–2021),6.401122307607793,12.0,243.53,0.0,ok,1970-01-01 01:00:25.569,23.0,668.265,2020-12-14T17:26:35-05:00,https://www.sec.gov/Archives/edgar/data/1827090/000110465920135336/tm2030105-16_424b4.htm,-0.2710084324039284,-0.2710084324039284
YQ,2020,210.0,211.3999938964844,19.13333275204613,0.2119206225355142,135.96555,0.38,8200.0,Other,1,2019-2021,Low Rate (2019–2021),4.912401544824424,8.0,878.236,0.0,ok,1970-01-01 01:00:25.569,10.5,287.7,2020-12-04T16:21:43-05:00,https://www.sec.gov/Archives/edgar/data/1821468/000119312520310650/d52135d424b4.htm,-0.9671239356200345,-0.9671239356200345
RXT,2020,16.97999954223633,16.38999938964844,-0.2195238385881695,0.135448523695811,444.5295960159302,0.38,7370.0,Tech,1,2019-2021,Low Rate (2019–2021),6.097016635450433,22.0,2707.1,0.0,ok,1970-01-01 01:00:25.569,21.0,703.5,2020-08-05T16:31:47-04:00,https://www.sec.gov/Archives/edgar/data/1810019/000119312520210692/d915709d424b4.htm,0.03965842282394671,0.03965842282394671
KC,2020,20.3700008392334,23.84000015258789,0.4023529501522289,0.123322169263429,308.8601377248764,0.38,7372.0,Tech,1,2019-2021,Low Rate (2019–2021),5.732888545708362,32.0,1008.017,0.0,ok,1970-01-01 01:00:25.569,17.0,510.0,2020-05-11T09:10:46-04:00,https://www.sec.gov/Archives/edgar/data/1795589/000119312520138383/d805184d424b4.htm,0.7076341788552164,0.7076341788552164
NBTX,2020,18.14999961853027,16.97999954223633,0.2577777438693579,-0.02826852503984876,11.33467476177216,0.38,2834.0,Industrials,0,2019-2021,Low Rate (2019–2021),2.427866590276739,,,,ok,1970-01-01 01:00:25.569,13.5,98.55,2020-12-11T17:26:19-05:00,https://www.sec.gov/Archives/edgar/data/1760854/000114036120028188/nt10009390x19_424b4.htm,-0.5312131771059747,-0.5312131771059747
ALGS,2020,435.0,371.25,23.75,0.25993265993266,48.04836,0.38,2836.0,Industrials,1,2019-2021,Low Rate (2019–2021),3.872208003720398,2.0,0.0,0.0,ok,1970-01-01 01:00:25.569,15.0,150.0,2020-10-19T17:21:18-04:00,https://www.sec.gov/Archives/edgar/data/1799448/000119312520272151/d31402d424b4.htm,0.07138047138047138,0.07138047138047138
ZNTL,2020,25.0,23.20000076293945,0.2888889312744138,0.7090517337058583,47.875,0.38,2834.0,Industrials,1,2019-2021,Low Rate (2019–2021),3.86859344750081,6.0,,,ok,1970-01-01 01:00:25.569,18.0,165.24,2020-04-06T06:13:39-04:00,https://www.sec.gov/Archives/edgar/data/1725160/000119312520098801/d827765d424b4.htm,0.8857758000546225,0.8857758000546225
IVA,2020,15.13000011444092,13.42000007629395,-0.06805555025736457,-0.1140089213318183,36.38613727521896,0.38,2834.0,Industrials,0,2019-2021,Low Rate (2019–2021),3.594187858015776,,,,ok,1970-01-01 01:00:25.569,14.4,107.686958,2020-07-13T06:03:02-04:00,https://www.sec.gov/Archives/edgar/data/1756594/000104746920004078/a2242058z424b4.htm,0.04321907007516403,0.04321907007516403
VITL,2020,35.0,35.2599983215332,0.6027271964333274,0.03885430549624767,206.479,0.38,2000.0,Industrials,1,2019-2021,Low Rate (2019–2021),5.330198712314555,12.0,53.993,0.0,ok,1970-01-01 01:00:25.569,22.0,204.687494,2020-07-31T16:06:42-04:00,https://www.sec.gov/Archives/edgar/data/1579733/000119312520206382/d841617d424b4.htm,-0.5062393455424568,-0.5062393455424568
VEL,2020,13.85000038146973,13.51000022888184,0.03923078683706457,0.02442634479017824,47.62322631168365,0.38,6199.0,Finance,1,2019-2021,Low Rate (2019–2021),3.863320589954041,16.0,,,ok,1970-01-01 01:00:25.569,13.0,94.25,2020-01-17T17:23:47-05:00,https://www.sec.gov/Archives/edgar/data/1692376/000119312520010192/d617975d424b4.htm,-0.4789045268257781,-0.4789045268257781
MAX,2020,23.0,31.86000061035156,0.6768421373869241,0.202134290751287,125.4972,0.38,7389.0,Consumer,1,2019-2021,Low Rate (2019–2021),4.832283447565977,6.0,190.205,0.0,ok,1970-01-01 01:00:25.569,19.0,175.75,2020-10-29T11:24:20-04:00,https://www.sec.gov/Archives/edgar/data/1818383/000119312520280644/d48669d424b4.htm,-0.4805398957938713,-0.4805398957938713
ABCL,2020,61.0,58.90000152587891,1.945000076293946,-0.3168081386078311,564.2012,0.38,2834.0,Industrials,1,2019-2021,Low Rate (2019–2021),6.335410925470986,8.0,233.155,1.0,ok,1970-01-01 01:00:25.569,20.0,483.0,2020-12-14T16:27:25-05:00,https://www.sec.gov/Archives/edgar/data/1703057/000119312520316986/d29983d424b4.htm,-0.7628183377738826,-0.7628183377738826
NTST,2020,14.00461578369141,13.81010723114014,-0.2327718204922144,-0.006325898437443352,61.02231235427856,0.38,6798.0,Finance,1,2019-2021,Low Rate (2019–2021),4.111239573593117,1.0,33.727,1.0,ok,1970-01-01 01:00:25.569,18.0,225.0,2020-08-14T17:19:29-04:00,https://www.sec.gov/Archives/edgar/data/1798100/000104746920004626/a2242269z424b4.htm,0.4989248630579798,0.4989248630579798
EBON,2020,138.0,150.0,27.68068833652008,-0.04400004069010417,3.192906,0.38,6200.0,Finance,1,2019-2021,Low Rate (2019–2021),1.160931473900613,10.0,19.004301,0.0,ok,1970-01-01 01:00:25.569,5.23,100.752483,2020-06-26T16:03:37-04:00,https://www.sec.gov/Archives/edgar/data/1799290/000121390020015951/ea123412-424b4_ebanginter.htm,-0.3820000203450521,-0.3820000203450521
BDSX,2020,271.7999877929688,256.2000122070312,13.23333401150173,0.2248242499668261,35.56502840270996,0.38,8071.0,Healthcare,1,2019-2021,Low Rate (2019–2021),3.571362806799245,15.0,45.557,0.0,ok,1970-01-01 01:00:25.569,18.0,72.0,2020-10-29T16:06:42-04:00,https://www.sec.gov/Archives/edgar/data/1439725/000119312520281042/d937421d424b4.htm,-0.437939136850486,-0.437939136850486
ASO,2020,11.68712668265544,12.54675769805908,-0.03486479245699382,0.283294475947477,102.6784201831376,0.38,5940.0,Consumer,1,2019-2021,Low Rate (2019–2021),4.631601970056154,82.0,1349.076,1.0,ok,1970-01-01 01:00:25.569,13.0,203.125,2020-10-02T16:41:19-04:00,https://www.sec.gov/Archives/edgar/data/1817358/000119312520262578/d934024d424b4.htm,2.093918104794171,2.093918104794171
PASG,2020,445.3999938964844,444.0,23.66666666666667,-0.1531531531531531,110.4814684860229,0.38,2836.0,Industrials,1,2019-2021,Low Rate (2019–2021),4.70484780088474,3.0,,,ok,1970-01-01 01:00:25.569,18.0,216.0,2020-02-28T16:07:11-05:00,https://www.sec.gov/Archives/edgar/data/1787297/000104746920001117/a2240853z424b4.htm,-0.1882883020349451,-0.1882883020349451
UPST,2020,26.0,29.46999931335449,0.4734999656677245,0.382762163198759,349.9548,0.38,6199.0,Finance,1,2019-2021,Low Rate (2019–2021),5.85780400328666,8.0,233.416,1.0,ok,1970-01-01 01:00:25.569,20.0,240.3138,2020-12-16T16:19:20-05:00,https://www.sec.gov/Archives/edgar/data/1647639/000119312520319050/d867925d424b4.htm,4.233457730609749,4.233457730609749
STEP,2020,21.75365478515625,21.973388671875,0.2207438151041667,0.01599998750041665,202.7832191762695,0.38,6282.0,Finance,1,2019-2021,Low Rate (2019–2021),5.312137522614271,13.0,446.611,0.0,ok,1970-01-01 01:00:25.569,18.0,315.0,2020-09-16T17:08:19-04:00,https://www.sec.gov/Archives/edgar/data/1796022/000119312520247268/d828990d424b4.htm,0.8688222317628009,0.8688222317628009
BNR,2020,228.0,246.3000030517578,13.92727291222775,0.09703617076387554,114.49476,0.38,8071.0,Healthcare,1,2019-2021,Low Rate (2019–2021),4.740529057754942,12.0,143.716,0.0,ok,1970-01-01 01:00:25.569,16.5,222.75,2020-06-12T09:04:58-04:00,https://www.sec.gov/Archives/edgar/data/1792267/000119312520167229/d806768d424b4.htm,0.2046285364628368,0.2046285364628368
NNOX,2020,20.34000015258789,21.70000076293945,0.2055555979410805,0.8202764336976632,206.127595546341,0.38,3844.0,Industrials,1,2019-2021,Low Rate (2019–2021),5.328495372899166,6.0,2.816,0.0,ok,1970-01-01 01:00:25.569,18.0,165.217392,2020-08-24T17:19:41-04:00,https://www.sec.gov/Archives/edgar/data/1795251/000114036120018983/nt10006151x17_424b4.htm,0.04009211526713867,0.04009211526713867
XPEV,2020,23.10000038146973,21.21999931335449,0.4146666208902993,-0.05749290069895072,1899.275101364326,0.38,3711.0,Industrials,1,2019-2021,Low Rate (2019–2021),7.549227566757401,5.0,895.681,0.0,ok,1970-01-01 01:00:25.569,15.0,1496.00001,2020-08-28T06:13:23-04:00,https://www.sec.gov/Archives/edgar/data/1810997/000119312520233600/d890887d424b4.htm,0.9142318683451215,0.9142318683451215
SDGR,2020,26.0,28.63999938964844,0.6847058464499083,0.3460195551189136,198.237,0.38,2834.0,Industrials,1,2019-2021,Low Rate (2019–2021),5.289463284594412,30.0,108.095,0.0,ok,1970-01-01 01:00:25.569,17.0,201.999984,2020-02-06T16:16:43-05:00,https://www.sec.gov/Archives/edgar/data/1490978/000119312520026787/d766269d424b4.htm,2.468226394828634,2.468226394828634
SEER,2020,48.0,56.45999908447266,1.971578899182772,-0.005667724052659849,162.9024,0.38,3826.0,Industrials,1,2019-2021,Low Rate (2019–2021),5.09315124846448,5.0,0.656,0.0,ok,1970-01-01 01:00:25.569,19.0,175.000013,2020-12-04T17:21:12-05:00,https://www.sec.gov/Archives/edgar/data/1726445/000162828020017127/seer424b4.htm,-0.6255756335025826,-0.6255756335025826
ADCT,2020,30.0,30.0,0.5789473684210527,0.5603333791097005,24.594,0.38,2834.0,Industrials,1,2019-2021,Low Rate (2019–2021),3.202502510750255,20.0,,,ok,1970-01-01 01:00:25.569,19.0,232.666989,2020-05-18T08:52:47-04:00,https://www.sec.gov/Archives/edgar/data/1771910/000114036120011823/nt10009045x12_424b4.htm,-0.2859999974568685,-0.2859999974568685
HRMY,2020,39.9900016784668,37.0099983215332,0.5420832633972168,-0.1145635789262549,152.0739783828735,0.38,2834.0,Industrials,1,2019-2021,Low Rate (2019–2021),5.024367102333628,3.0,159.742,0.0,ok,1970-01-01 01:00:25.569,24.0,128.372088,2020-08-19T20:09:27-04:00,https://www.sec.gov/Archives/edgar/data/1802665/000119312520224919/d755703d424b4.htm,-0.1480680325159409,-0.1480680325159409
BNL,2020,11.61431276236284,11.47353267669678,-0.3250863131354836,0.02779399762494337,94.57999454902554,0.38,6798.0,Finance,1,2019-2021,Low Rate (2019–2021),4.549445979582249,13.0,82.291,1.0,ok,1970-01-01 01:00:25.569,17.0,569.5,2020-09-17T17:00:30-04:00,https://www.sec.gov/Archives/edgar/data/1424182/000119312520248132/d863791d424b4.htm,0.6978731960259895,0.6978731960259895
AI,2020,100.0,92.48999786376953,1.202142806280227,0.5001622143441694,2480.56,0.38,7372.0,Tech,1,2019-2021,Low Rate (2019–2021),7.816239620120201,11.0,156.666,0.0,ok,1970-01-01 01:00:25.569,42.0,651.0,2020-12-09T16:42:07-05:00,https://www.sec.gov/Archives/edgar/data/1577526/000162828020017290/c3ai424.htm,-0.6325007842628412,-0.6325007842628412
ALXO,2020,37.5,30.0,0.5789473684210527,0.475,59.80875,0.38,2834.0,Industrials,1,2019-2021,Low Rate (2019–2021),4.091151971322937,5.0,1.182,0.0,ok,1970-01-01 01:00:25.569,19.0,161.5,2020-07-17T16:27:57-04:00,https://www.sec.gov/Archives/edgar/data/1810182/000119312520194755/d913838d424b4.htm,0.8166666666666667,0.8166666666666667
ELVN,2020,56.0,60.0,2.75,0.06800003051757812,6.3826,0.38,2834.0,Industrials,0,2019-2021,Low Rate (2019–2021),1.853575537852517,,,,ok,1970-01-01 01:00:25.569,16.0,75.2,2020-03-12T16:03:17-04:00,https://www.sec.gov/Archives/edgar/data/1672619/000119312520071536/d842128d424b4.htm,-0.3266666412353516,-0.3266666412353516
PUBM,2020,25.1200008392334,29.45000076293945,0.4725000381469725,-0.05059428318731484,216.2379912242889,0.38,7370.0,Tech,1,2019-2021,Low Rate (2019–2021),5.376379612359233,14.0,148.748,1.0,ok,1970-01-01 01:00:25.569,20.0,118.0,2020-12-09T16:19:45-05:00,https://www.sec.gov/Archives/edgar/data/1422930/000162828020017283/pubmatic424b42020.htm,0.3256366690711996,0.3256366690711996
CCCC,2020,26.60000038146973,25.48999977111816,0.3415789353220084,0.01333857024875822,51.93916074485779,0.38,2836.0,Industrials,1,2019-2021,Low Rate (2019–2021),3.950073047938055,5.0,,,ok,1970-01-01 01:00:25.569,19.0,182.4,2020-10-02T17:10:25-04:00,https://www.sec.gov/Archives/edgar/data/1662579/000119312520262629/d772024d424b4.htm,0.8030600038117042,0.8030600038117042
HYFM,2020,460.0,519.9000244140625,24.99500122070312,0.01134826524687246,306.1714,0.38,5190.0,Consumer,1,2019-2021,Low Rate (2019–2021),5.724145075856679,43.0,342.205,0.0,ok,1970-01-01 01:00:25.569,20.0,173.33334,2020-12-11T16:16:31-05:00,https://www.sec.gov/Archives/edgar/data/1695295/000110465920134781/tm2027341-13_424b4.htm,-0.444123896078465,-0.444123896078465
SNOW,2020,245.0,253.9299926757812,20.16083272298177,0.07289414523497682,8844.4265,0.38,7372.0,Tech,1,2019-2021,Low Rate (2019–2021),9.087542765599725,3.0,264.748,0.0,ok,1970-01-01 01:00:25.569,12.0,187.5,2014-01-31T16:55:46-05:00,https://www.sec.gov/Archives/edgar/data/1587755/000156761914000034/s000092x14_424b4.htm,0.2762572201782093,0.2762572201782093
ORIC,2020,26.0,25.77000045776367,0.6106250286102293,0.4695381551875663,96.1818,0.38,2834.0,Industrials,1,2019-2021,Low Rate (2019–2021),4.56624015058394,6.0,,,ok,1970-01-01 01:00:25.569,16.0,120.0,2020-04-24T17:04:42-04:00,https://www.sec.gov/Archives/edgar/data/1796280/000119312520119234/d843476d424b4.htm,-0.1020566946603565,-0.1020566946603565
LUNG,2020,40.0,39.31000137329102,1.068947440699527,0.1765453671905576,211.468,0.38,3841.0,Industrials,1,2019-2021,Low Rate (2019–2021),5.354073686802891,1.0,9.83,0.0,ok,1970-01-01 01:00:25.569,19.0,190.0,2020-10-01T16:08:02-04:00,https://www.sec.gov/Archives/edgar/data/1127537/000162828020014122/pulmonx424b4.htm,-0.08471131301758845,-0.08471131301758845
BEKE,2020,32.53979042288167,34.74870681762695,0.7374353408813477,0.5216346393988911,1610.472323525429,0.38,6531.0,Finance,1,2019-2021,Low Rate (2019–2021),7.384282783603676,19.0,10801.682,1.0,ok,1970-01-01 01:00:25.569,20.0,2120.0,2020-08-13T09:07:46-04:00,https://www.sec.gov/Archives/edgar/data/1809587/000104746920004582/a2242260z424b4.htm,-0.4748930829319884,-0.4748930829319884
NRIX,2020,18.05999946594238,19.01000022888184,0.0005263278358862889,0.3298264272631454,102.9275489562988,0.38,2834.0,Industrials,1,2019-2021,Low Rate (2019–2021),4.634025332530748,11.0,6.689,0.0,ok,1970-01-01 01:00:25.569,19.0,209.0,2020-07-24T16:06:27-04:00,https://www.sec.gov/Archives/edgar/data/1549595/000119312520198537/d903927d424b4.htm,0.6159915278002832,0.6159915278002832
PRAX,2020,389.1000061035156,417.0,20.94736842105263,0.4913669650217326,112.1724734595642,0.38,2834.0,Industrials,1,2019-2021,Low Rate (2019–2021),4.720037628404154,1.0,,,ok,1970-01-01 01:00:25.569,19.0,190.0,2020-10-16T16:02:32-04:00,https://www.sec.gov/Archives/edgar/data/1689548/000119312520271080/d945651d424b4.htm,-0.2802158419748576,-0.2802158419748576
TLS,2020,21.89999961853027,20.29000091552734,0.1935294656192553,0.6254311510157547,215.8135462408066,0.38,7373.0,Tech,1,2019-2021,Low Rate (2019–2021),5.374414823054158,2096.0,44.887,1.0,ok,1970-01-01 01:00:25.569,17.0,254.470603,2020-11-20T16:06:31-05:00,https://www.sec.gov/Archives/edgar/data/320121/000114036120026242/nt10015254x11_424b4.htm,-0.07244953939741698,-0.07244953939741698
MASS,2020,45.5099983215332,49.0,1.45,0.1622449135293766,191.9520709205627,0.38,3829.0,Industrials,1,2019-2021,Low Rate (2019–2021),5.257245710242803,8.0,26.894,0.0,ok,1970-01-01 01:00:25.569,20.0,130.0,2020-12-18T16:03:30-05:00,https://www.sec.gov/Archives/edgar/data/1555279/000110465920137398/tm2032047-21_424b4.htm,-0.4659183657899195,-0.4659183657899195
MNSO,2020,21.97445024547769,18.80436515808105,-0.05978174209594744,-0.03735638741957396,477.0323531539526,0.38,5331.0,Consumer,1,2019-2021,Low Rate (2019–2021),6.167584314906799,11.0,6640.973,0.0,ok,1970-01-01 01:00:25.569,20.0,608.0,2020-10-15T13:58:49-04:00,https://www.sec.gov/Archives/edgar/data/1815846/000119312520270125/d32239d424b4.htm,-0.1960511244070725,-0.1960511244070725
ABNB,2020,146.0,144.7100067138672,1.128088334027459,0.01444265248375768,10285.335,0.38,7340.0,Tech,1,2019-2021,Low Rate (2019–2021),9.23847437326298,12.0,3378.0,0.0,ok,1970-01-01 01:00:25.569,68.0,3490.000108,2020-12-11T06:09:36-05:00,https://www.sec.gov/Archives/edgar/data/1559720/000119312520315318/d81668d424b4.htm,0.2539561764561672,0.2539561764561672
OLMA,2020,45.0,49.0,1.578947368421053,-0.01877547283561862,68.6295,0.38,2834.0,Industrials,1,2019-2021,Low Rate (2019–2021),4.228722471450321,14.0,,,ok,1970-01-01 01:00:25.569,19.0,209.0,2020-11-19T16:43:03-05:00,https://www.sec.gov/Archives/edgar/data/1750284/000110465920127387/tm2027048-15_424b4.htm,-0.4914285698715521,-0.4914285698715521
IH,2020,10.86016028640142,14.33684539794922,0.1947371164957684,0.6124999268289698,49.68849135837244,0.38,8200.0,Other,1,2019-2021,Low Rate (2019–2021),3.90577334408213,24.0,81.52,0.0,ok,1970-01-01 01:00:25.569,12.0,84.0,2020-10-09T09:20:21-04:00,https://www.sec.gov/Archives/edgar/data/1814423/000104746920005159/a2242479z424b4.htm,-0.6956249577653395,-0.6956249577653395
BEAM,2020,24.0,18.75,0.1029411764705882,0.03466664632161458,140.9592,0.38,2836.0,Industrials,1,2019-2021,Low Rate (2019–2021),4.948470486802866,2.0,0.024,0.0,ok,1970-01-01 01:00:25.569,17.0,180.000012,2020-02-06T17:46:23-05:00,https://www.sec.gov/Archives/edgar/data/1745999/000119312520026941/d221975d424b4.htm,4.563733317057292,4.563733317057292
KROS,2020,20.85000038146973,20.07999992370605,0.2549999952316282,0.3605577588957439,22.1802304058075,0.38,2834.0,Industrials,1,2019-2021,Low Rate (2019–2021),3.099201369866801,5.0,0.0,0.0,ok,1970-01-01 01:00:25.569,16.0,96.0,2020-04-08T16:58:40-04:00,https://www.sec.gov/Archives/edgar/data/1664710/000119312520101456/d855212d424b4.htm,2.125497936254471,2.125497936254471
NKTX,2020,54.45000076293945,47.90000152587891,1.661111195882162,-0.4582463478854075,71.73243100509643,0.38,2834.0,Industrials,1,2019-2021,Low Rate (2019–2021),4.272942960615168,5.0,0.0,0.0,ok,1970-01-01 01:00:25.569,18.0,252.0,2020-07-10T21:35:36-04:00,https://www.sec.gov/Archives/edgar/data/1787400/000119312520191255/d884708d424b4.htm,-0.4037578589530464,-0.4037578589530464
YALA,2020,9.75,7.0,-0.06666666666666667,0.3157142911638532,129.032475,0.38,7370.0,Tech,1,2019-2021,Low Rate (2019–2021),4.860064116865468,4.0,134.92741,1.0,ok,1970-01-01 01:00:25.569,7.5,139.5,2020-10-01T08:02:47-04:00,https://www.sec.gov/Archives/edgar/data/1794350/000119312520260544/d850602d424b4.htm,0.05142859050205776,0.05142859050205776
PCVX,2020,20.79999923706055,26.14999961853027,0.6343749761581419,0.1992352224789099,75.44783723258972,0.38,2836.0,Industrials,1,2019-2021,Low Rate (2019–2021),4.323441519893664,7.0,,,ok,1970-01-01 01:00:25.569,16.0,250.0,2020-06-15T17:17:35-04:00,https://www.sec.gov/Archives/edgar/data/1649094/000119312520169580/d802328d424b4.htm,-0.1583173785866816,-0.1583173785866816
BSY,2020,27.35341875566609,32.71664428710938,0.4871201948686083,0.05733056669455693,217.032965774957,0.38,7372.0,Tech,1,2019-2021,Low Rate (2019–2021),5.380049258016017,2093.0,734.849,1.0,ok,1970-01-01 01:00:25.569,22.0,236.5,2020-09-24T08:05:38-04:00,https://www.sec.gov/Archives/edgar/data/1031308/000110465920108119/tm1922834-15_424b4.htm,0.9455312224500677,0.9455312224500677
STTK,2020,22.0,19.35000038146973,0.1382353165570429,0.6837209916674988,99.803,0.38,2834.0,Industrials,1,2019-2021,Low Rate (2019–2021),4.603198242985862,4.0,9.934,0.0,ok,1970-01-01 01:00:25.569,17.0,201.999984,2020-10-13T06:11:21-04:00,https://www.sec.gov/Archives/edgar/data/1680367/000119312520267801/d69956d424b4.htm,0.04031001363926745,0.04031001363926745
RLAY,2020,34.84500122070312,35.04999923706055,0.7524999618530274,0.03651933300588247,247.1172641571045,0.38,2836.0,Industrials,1,2019-2021,Low Rate (2019–2021),5.509862977640596,5.0,82.654,0.0,ok,1970-01-01 01:00:25.569,20.0,400.0,2020-07-16T16:34:32-04:00,https://www.sec.gov/Archives/edgar/data/1812364/000119312520194016/d904779d424b4.htm,-0.09101280160188992,-0.09101280160188992
BDTX,2020,37.04000091552734,37.5,0.9736842105263158,-0.4717333475748698,20.37940850372314,0.38,2836.0,Industrials,1,2019-2021,Low Rate (2019–2021),3.014525004003576,6.0,0.0,0.0,ok,1970-01-01 01:00:25.569,19.0,201.140004,2020-01-30T16:43:45-05:00,https://www.sec.gov/Archives/edgar/data/1701541/000119312520019694/d758790d424b4.htm,-0.3394666544596354,-0.3394666544596354
VERX,2020,25.55999946594238,23.93000030517578,0.2594737002724095,-0.01755119393805876,411.3779674045563,0.38,7372.0,Tech,1,2019-2021,Low Rate (2019–2021),6.019512420618359,42.0,374.665,0.0,ok,1970-01-01 01:00:25.569,19.0,401.85,2020-07-30T19:04:51-04:00,https://www.sec.gov/Archives/edgar/data/1806837/000104746920004331/a2242154z424b4.htm,-0.2223150700785225,-0.2223150700785225
AVIR,2020,27.03000068664551,30.34000015258789,0.2641666730244954,0.02307187737043388,96.65387645530701,0.38,2834.0,Industrials,1,2019-2021,Low Rate (2019–2021),4.571136313027028,4.0,48.633,0.0,ok,1970-01-01 01:00:25.569,24.0,300.0,2020-10-30T16:33:24-04:00,https://www.sec.gov/Archives/edgar/data/1593899/000119312520282645/d913778d424b4.htm,-0.6163480459860873,-0.6163480459860873
LI,2020,15.48999977111816,16.45999908447266,0.4313042682150139,-0.01518833620324041,1000.829022211647,0.38,3711.0,Industrials,1,2019-2021,Low Rate (2019–2021),6.908583957744675,5.0,1449.288,0.0,ok,1970-01-01 01:00:25.569,11.5,1092.5,2020-07-30T08:52:23-04:00,https://www.sec.gov/Archives/edgar/data/1791706/000104746920004324/a2242162z424b4.htm,0.8626975426951788,0.8626975426951788
DASH,2020,182.0,189.5099945068359,0.8579411226160383,-0.2467415749154551,4618.0134,0.38,7389.0,Consumer,1,2019-2021,Low Rate (2019–2021),8.437719891599274,7.0,2886.0,0.0,ok,1970-01-01 01:00:25.569,102.0,3366.0,2020-12-09T16:50:26-05:00,https://www.sec.gov/Archives/edgar/data/1792789/000119312520313884/d752207d424b4.htm,-0.1085958652714347,-0.1085958652714347
HUIZ,2020,53.25,50.0,3.761904761904762,-0.06,23.667495,0.38,6411.0,Finance,1,2019-2021,Low Rate (2019–2021),3.16410258776072,14.0,187.007,0.0,ok,1970-01-01 01:00:25.569,10.5,55.125,2020-02-13T15:48:38-05:00,https://www.sec.gov/Archives/edgar/data/1778982/000119312520035458/d694712d424b4.htm,-0.185,-0.185
TARS,2020,16.20000076293945,20.57999992370605,0.2862499952316282,0.174441213114514,20.34882095832825,0.38,2836.0,Industrials,1,2019-2021,Low Rate (2019–2021),3.013022972044435,4.0,0.0,0.0,ok,1970-01-01 01:00:25.569,16.0,88.0,2020-10-16T16:40:25-04:00,https://www.sec.gov/Archives/edgar/data/1819790/000119312520271157/d30607d424b4.htm,0.3858114948247181,0.3858114948247181
LESL,2020,413.3999938964844,434.0,24.52941176470588,-0.06405527141237038,441.3892404832458,0.38,5990.0,Consumer,1,2019-2021,Low Rate (2019–2021),6.089927117638013,28.0,1112.229,1.0,ok,1970-01-01 01:00:25.569,17.0,680.0,2020-10-30T17:24:02-04:00,https://www.sec.gov/Archives/edgar/data/1821806/000119312520282772/d905917d424b4.htm,-0.05299539170506912,-0.05299539170506912
BCAB,2020,1527.5,1551.0,85.16666666666667,0.09638942617666021,124.262125,0.38,2836.0,Industrials,1,2019-2021,Low Rate (2019–2021),4.82239324572866,13.0,,,ok,1970-01-01 01:00:25.569,18.0,189.0,2020-12-16T21:35:31-05:00,https://www.sec.gov/Archives/edgar/data/1826892/000119312520319329/d258427d424b4.htm,-0.3207607994842037,-0.3207607994842037
ROOT,2020,468.0,486.0,17.0,-0.4807407394848733,413.140104,0.38,6331.0,Finance,1,2019-2021,Low Rate (2019–2021),6.023786770300723,18.0,50.9,0.0,ok,1970-01-01 01:00:25.569,27.0,724.432815,2020-10-29T17:27:41-04:00,https://www.sec.gov/Archives/edgar/data/1788882/000162828020015115/rootfinal424b4.htm,-0.8211111060876415,-0.8211111060876415
LSF,2020,33.54999923706055,40.79999923706055,0.8545454198663885,0.1698529518324338,66.36860849075318,0.38,2000.0,Industrials,1,2019-2021,Low Rate (2019–2021),4.195224181000922,2087.0,7.284729,0.0,ok,1970-01-01 01:00:25.569,22.0,58.3,2020-09-23T06:47:24-04:00,https://www.sec.gov/Archives/edgar/data/1650696/000119312520251696/d934473d424b4.htm,-0.5507352875865729,-0.5507352875865729
CMPS,2020,23.39999961853027,29.0,0.7058823529411765,0.103448275862069,70.1859588558197,0.38,2834.0,Industrials,1,2019-2021,Low Rate (2019–2021),4.251148274726973,1.0,,,ok,1970-01-01 01:00:25.569,17.0,127.5,2020-09-21T16:02:08-04:00,https://www.sec.gov/Archives/edgar/data/1816590/000162828020013779/compass424b4.htm,0.1427585996430496,0.1427585996430496
FHTX,2020,19.0,18.1200008392334,0.1325000524520874,0.2130242011162199,54.0265,0.38,2834.0,Industrials,1,2019-2021,Low Rate (2019–2021),3.989474666931158,5.0,0.43,0.0,ok,1970-01-01 01:00:25.569,16.0,120.0,2020-10-23T16:02:21-04:00,https://www.sec.gov/Archives/edgar/data/1822462/000119312520275426/d12441d424b4.htm,-0.2991170407803119,-0.2991170407803119
PLRX,2020,25.0,21.29999923706055,0.3312499523162844,0.1488262999924602,106.73,0.38,2834.0,Industrials,1,2019-2021,Low Rate (2019–2021),4.670302280925873,2.0,41.817,0.0,ok,1970-01-01 01:00:25.569,16.0,144.0,2020-06-03T17:27:47-04:00,https://www.sec.gov/Archives/edgar/data/1746473/000119312520159718/d729258d424b4.htm,0.3647887669518974,0.3647887669518974
PRLD,2020,25.22999954223633,26.20000076293945,0.3789474085757605,0.6744273913892385,71.35043870544433,0.38,2834.0,Industrials,1,2019-2021,Low Rate (2019–2021),4.267603492543667,4.0,,,ok,1970-01-01 01:00:25.569,19.0,158.175,2020-09-25T16:08:31-04:00,https://www.sec.gov/Archives/edgar/data/1678660/000119312520254577/d935180d424b4.htm,0.3221373427838815,0.3221373427838815
LEGN,2020,37.0099983215332,37.0,0.6086956521739131,-0.04540541365339949,318.5191485546112,0.38,2834.0,Industrials,1,2019-2021,Low Rate (2019–2021),5.763682594255605,5.0,,,ok,1970-01-01 01:00:25.569,23.0,423.775,2020-06-08T09:07:05-04:00,https://www.sec.gov/Archives/edgar/data/1801198/000119312520162919/d884493d424b4.htm,0.04513508564717061,0.04513508564717061
ARQT,2020,23.05999946594238,21.79999923706055,0.2823528962976795,-0.1293577886934119,67.60500043430328,0.38,2834.0,Industrials,1,2019-2021,Low Rate (2019–2021),4.213681951234851,4.0,0.0,0.0,ok,1970-01-01 01:00:25.569,17.0,159.375,2020-01-31T17:25:21-05:00,https://www.sec.gov/Archives/edgar/data/1787306/000119312520021681/d784371d424b4.htm,0.2518349481927346,0.2518349481927346
MRVI,2020,31.95000076293945,29.85000038146973,0.1055555696840641,-0.06030154510572749,647.2974304569244,0.38,2834.0,Industrials,1,2019-2021,Low Rate (2019–2021),6.47280589591115,6.0,284.098,1.0,ok,1970-01-01 01:00:25.569,27.0,1620.0,2020-11-23T16:36:30-05:00,https://www.sec.gov/Archives/edgar/data/1823239/000119312520301431/d73061d424b4.htm,0.2549413268258134,0.2549413268258134
ONEW,2020,14.38757902732986,14.50252628326416,0.20854385693868,-0.6684280154910228,20.58862558810903,0.38,5531.0,Consumer,1,2019-2021,Low Rate (2019–2021),3.024738767384283,23.0,271.036,1.0,ok,1970-01-01 01:00:25.569,12.0,55.38462,2020-02-10T16:17:09-05:00,https://www.sec.gov/Archives/edgar/data/1772921/000114036120002716/nt10006686x10_424b4.htm,1.43196827566461,1.43196827566461
PMVP,2020,35.0,37.5099983215332,1.083888795640733,-0.01359633016140208,111.1215,0.38,2834.0,Industrials,1,2019-2021,Low Rate (2019–2021),4.710624197275065,7.0,,,ok,1970-01-01 01:00:25.569,18.0,211.77,2020-09-25T16:03:05-04:00,https://www.sec.gov/Archives/edgar/data/1699382/000119312520254551/d922470d424b4.htm,-0.2199413079662903,-0.2199413079662903
KYMR,2020,35.0099983215332,33.2599983215332,0.6629999160766602,-0.1560432618347089,135.6707454956055,0.38,2836.0,Industrials,1,2019-2021,Low Rate (2019–2021),4.910230961400713,5.0,34.034,0.0,ok,1970-01-01 01:00:25.569,20.0,173.696,2020-08-21T17:19:01-04:00,https://www.sec.gov/Archives/edgar/data/1815442/000119312520227121/d940105d424b4.htm,0.6139507821448762,0.6139507821448762
GDRX,2020,46.70000076293945,50.5,0.5303030303030303,0.0,1061.229497337341,0.38,7374.0,Tech,1,2019-2021,Low Rate (2019–2021),6.967183418086607,9.0,550.7,0.0,ok,1970-01-01 01:00:25.569,33.0,1142.307672,2020-09-24T16:05:20-04:00,https://www.sec.gov/Archives/edgar/data/1809519/000119312520253358/d949310d424b4.htm,-0.09841586575649752,-0.09841586575649752
FOUR,2020,33.09999847412109,33.54000091552734,0.4582609093707538,0.1344662551707117,404.3131713615417,0.38,7389.0,Consumer,1,2019-2021,Low Rate (2019–2021),6.002189754304397,4.0,210.9,0.0,ok,1970-01-01 01:00:25.569,23.0,345.0,2020-06-08T16:02:38-04:00,https://www.sec.gov/Archives/edgar/data/1794669/000119312520163444/d829549d424b4.htm,1.83243880163461,1.83243880163461
CRSR,2020,15.11999988555908,14.25,-0.1617647058823529,0.8652631525407758,192.920614539814,0.38,3577.0,Industrials,1,2019-2021,Low Rate (2019–2021),5.262278780660211,26.0,556.339,1.0,ok,1970-01-01 01:00:25.569,17.0,238.0,2020-09-24T06:32:31-04:00,https://www.sec.gov/Archives/edgar/data/1743759/000119312520252781/d507744d424b4.htm,0.8961403830009594,0.8961403830009594
YSG,2020,87.55000305175781,92.0,7.761904761904762,-0.07608695652173914,626.2013968276977,0.38,2844.0,Industrials,1,2019-2021,Low Rate (2019–2021),6.439672039531303,4.0,1941.177,0.0,ok,1970-01-01 01:00:25.569,10.5,616.875,2020-11-19T16:05:01-05:00,https://www.sec.gov/Archives/edgar/data/1819580/000119312520298091/d57580d424b4.htm,-0.8375000020732051,-0.8375000020732051
OM,2020,780.0,910.2000122070312,32.71111156322338,-0.1914963584436022,277.15506,0.38,3845.0,Industrials,1,2019-2021,Low Rate (2019–2021),5.624577132960563,17.0,17.247,0.0,ok,1970-01-01 01:00:25.569,27.0,241.679997,2020-09-16T14:05:19-04:00,https://www.sec.gov/Archives/edgar/data/1484612/000119312520247044/d941853d424b4.htm,-0.166117348032555,-0.166117348032555
SHC,2020,27.0,25.10000038146973,0.0913043644117274,0.09322709629579982,516.4992,0.38,8090.0,Healthcare,1,2019-2021,Low Rate (2019–2021),6.247073739671756,95.0,818.158,0.0,ok,1970-01-01 01:00:25.569,23.0,1071.8,2020-11-20T17:32:49-05:00,https://www.sec.gov/Archives/edgar/data/1822479/000119312520299567/d93452d424b4.htm,-0.1019920090452398,-0.1019920090452398
GOCO,2020,375.0,291.8999938964844,12.8999997093564,-0.2826310439364269,1002.537375,0.38,6411.0,Finance,1,2019-2021,Low Rate (2019–2021),6.910289440281287,19.0,877.35,0.0,ok,1970-01-01 01:00:25.569,21.0,913.5,2020-07-16T17:26:35-04:00,https://www.sec.gov/Archives/edgar/data/1808220/000119312520194094/d797183d424b4.htm,-0.4964028671678213,-0.4964028671678213
PYPD,2020,480.0,570.0,34.625,-0.252105284573739,42.6672,0.38,3841.0,Industrials,1,2019-2021,Low Rate (2019–2021),3.753430475173383,12.0,,,ok,1970-01-01 01:00:25.569,16.0,60.0,2020-06-26T17:43:42-04:00,https://www.sec.gov/Archives/edgar/data/1611842/000104746920003886/a2241965z424b4.htm,-0.5,-0.5
GFL,2020,17.34345832749586,16.64971923828125,-0.1238142750542692,-0.1154763846782678,250.1481681491383,0.38,4953.0,Industrials,1,2019-2021,Low Rate (2019–2021),5.52205341489776,13.0,,,ok,1970-01-01 01:00:25.569,19.0025,1425.0000000019,2020-03-04T09:34:05-05:00,https://www.sec.gov/Archives/edgar/data/1780232/000104746920001194/a2240859z424b4.htm,0.9478578163729358,0.9478578163729358
FROG,2020,71.2699966430664,64.79000091552734,0.4725000208074396,0.1489427595233483,1032.93031534729,0.38,7372.0,Tech,1,2019-2021,Low Rate (2019–2021),6.940155008322709,12.0,150.827,0.0,ok,1970-01-01 01:00:25.569,44.0,509.001592,2020-09-16T16:12:18-04:00,https://www.sec.gov/Archives/edgar/data/1800667/000119312520247176/d841831d424b4.htm,-0.4381848894656303,-0.4381848894656303
ALGM,2020,19.39999961853027,17.70000076293945,0.2642857687813893,0.473446259861908,215.3089557662964,0.38,3674.0,Industrials,1,2019-2021,Low Rate (2019–2021),5.372074000190273,30.0,650.089,1.0,ok,1970-01-01 01:00:25.569,14.0,350.0,2020-10-30T16:38:23-04:00,https://www.sec.gov/Archives/edgar/data/866291/000119312520282664/d38154d424b4.htm,0.9112994560931597,0.9112994560931597
IBEX,2020,18.0,15.39999961853027,-0.1894737042878805,-0.3662337356724364,48.2022,0.38,7374.0,Tech,1,2019-2021,Low Rate (2019–2021),3.875404663168465,36.0,,,ok,1970-01-01 01:00:25.569,19.0,90.476195,2020-08-10T08:46:39-04:00,https://www.sec.gov/Archives/edgar/data/1720420/000114036120017890/nt10006851x15_424b4.htm,0.3233766016619943,0.3233766016619943
API,2020,45.0,50.5,1.525,-0.2574257425742574,346.7385,0.38,7372.0,Tech,1,2019-2021,Low Rate (2019–2021),5.848570893540424,7.0,133.564,0.0,ok,1970-01-01 01:00:25.569,20.0,350.0,2020-06-26T16:16:27-04:00,https://www.sec.gov/Archives/edgar/data/1802883/000162828020009978/agora424b4.htm,-0.1732673267326733,-0.1732673267326733
AMWL,2020,510.2000122070312,461.3999938964844,24.63333299424913,0.1811877052652744,698.4230007104492,0.38,7389.0,Consumer,1,2019-2021,Low Rate (2019–2021),6.548824937417304,14.0,245.265,0.0,ok,1970-01-01 01:00:25.569,18.0,741.999996,2020-09-18T16:14:25-04:00,https://www.sec.gov/Archives/edgar/data/1393584/000119312520249114/d943395d424b4.htm,-0.5361941854554703,-0.5361941854554703
ANNX,2020,17.39999961853027,17.76000022888184,0.04470589581657879,0.4127252156104025,85.50359812545777,0.38,2834.0,Industrials,1,2019-2021,Low Rate (2019–2021),4.448558458395923,2083.0,,,ok,1970-01-01 01:00:25.569,17.0,250.75,2020-07-24T17:15:30-04:00,https://www.sec.gov/Archives/edgar/data/1528115/000119312520198635/d773514d424b4.htm,0.1824324171938456,0.1824324171938456
LU,2020,17.06533343953936,18.90427017211914,0.4003163090458623,0.03190666959127992,143.5958215936679,0.38,6199.0,Finance,1,2019-2021,Low Rate (2019–2021),4.967002558653651,71.0,54607.936,1.0,ok,1970-01-01 01:00:25.569,13.5,2362.5,2020-10-30T12:12:18-04:00,https://www.sec.gov/Archives/edgar/data/1816007/000119312520282192/d934009d424b4.htm,-0.5089494972547953,-0.5089494972547953
TSHA,2020,22.23999977111816,24.05999946594238,0.202999973297119,-0.1404820962507122,57.60382340717316,0.38,2836.0,Industrials,1,2019-2021,Low Rate (2019–2021),4.05358894409564,1.0,,,ok,1970-01-01 01:00:25.569,20.0,157.39132,2020-09-24T17:50:54-04:00,https://www.sec.gov/Archives/edgar/data/1806310/000119312520253550/d938924d424b4.htm,-0.167913511964015,-0.167913511964015
DYN,2020,22.59000015258789,23.89999961853027,0.2578947167647511,-0.1778242706206936,50.35536934013367,0.38,2834.0,Industrials,1,2019-2021,Low Rate (2019–2021),3.919105253799327,3.0,,,ok,1970-01-01 01:00:25.569,19.0,232.779982,2020-09-17T17:29:16-04:00,https://www.sec.gov/Archives/edgar/data/1818794/000119312520248167/d920854d424b4.htm,-0.3263598059228842,-0.3263598059228842
WMG,2020,24.01325113327978,26.78811645507812,0.575771556181066,-0.01427614483141242,839.2847390341483,0.38,7900.0,Consumer,1,2019-2021,Low Rate (2019–2021),6.732550027954505,47.0,4463.0,0.0,ok,1970-01-01 01:00:25.569,17.0,554.2,2005-05-11T15:39:01-04:00,https://www.sec.gov/Archives/edgar/data/1319161/000104746905014383/a2158038z424b4.htm,0.1592238774939141,0.1592238774939141
IREN,2021,28.0,24.45000076293945,-0.1267856870378768,-0.3386503242648595,162.8284,0.08,6199.0,Finance,1,2019-2021,Low Rate (2019–2021),5.092696885528748,3.0,7.448,0.0,ok,1970-01-01 01:00:25.569,28.0,231.538468,2021-11-18T16:05:57-05:00,https://www.sec.gov/Archives/edgar/data/1878848/000114036121038558/ny20000275x14_424b4.htm,-0.9100204507552242,-0.9100204507552242
FA,2021,17.87683984084678,17.74175071716309,0.182783381144206,-0.04619284445021156,151.7850963526937,0.08,7374.0,Tech,1,2019-2021,Low Rate (2019–2021),5.022465680646836,18.0,408.928,1.0,ok,1970-01-01 01:00:25.569,15.0,382.5,2021-06-24T16:34:29-04:00,https://www.sec.gov/Archives/edgar/data/1210677/000119312521198716/d147929d424b4.htm,-0.3659898898996505,-0.3659898898996505
MXCT,2021,16.98999977111816,17.0,0.3076923076923077,-0.0994117400225471,53.04787628536224,0.08,8731.0,Other,0,2019-2021,Low Rate (2019–2021),3.971194831937513,,4.928,0.0,ok,1970-01-01 01:00:25.569,13.0,175.5,2021-07-30T16:06:13-04:00,https://www.sec.gov/Archives/edgar/data/1287098/000110465921098238/tm2113965-12_424b4.htm,-0.6794117759255802,-0.6794117759255802
XLO,2021,210.0,224.0,13.0,-0.25,21.44856,0.08,2834.0,Industrials,1,2019-2021,Low Rate (2019–2021),3.065657510253381,6.0,0.0,0.0,ok,1970-01-01 01:00:25.569,16.0,117.648,2021-10-22T16:02:13-04:00,https://www.sec.gov/Archives/edgar/data/1840233/000110465921128952/tm2115750-18_424b4.htm,-0.8637499979564122,-0.8637499979564122
ABSI,2021,21.0,21.59000015258789,0.3493750095367432,-0.1009726859550057,53.4534,0.08,8731.0,Other,1,2019-2021,Low Rate (2019–2021),3.978810246299233,10.0,5.747,0.0,ok,1970-01-01 01:00:25.569,16.0,200.0,2021-07-23T16:49:00-04:00,https://www.sec.gov/Archives/edgar/data/1672688/000162828021014341/absci424.htm,-0.8337193196481291,-0.8337193196481291
EWCZ,2021,16.99424264257409,19.13193893432617,0.1254081726074217,0.4151472397690039,77.6161049971644,0.08,7200.0,Tech,1,2019-2021,Low Rate (2019–2021),4.351774944279265,17.0,59.227,1.0,ok,1970-01-01 01:00:25.569,17.0,180.2,2021-08-06T16:16:25-04:00,https://www.sec.gov/Archives/edgar/data/1856236/000110465921101459/tm2114247-17_424b4.htm,0.1499095870794364,0.1499095870794364
RYAN,2021,25.0306502309403,26.88839340209961,0.1441869532808344,0.2250909431916638,397.7870934701032,0.08,6411.0,Finance,1,2019-2021,Low Rate (2019–2021),5.985916921122547,5.0,1725.193,1.0,ok,1970-01-01 01:00:25.569,23.5,1337.579533,2021-07-23T16:06:49-04:00,https://www.sec.gov/Archives/edgar/data/1849253/000119312521223004/d146849d424b4.htm,0.5618179216774206,0.5618179216774206
AURA,2021,14.10000038146973,14.80000019073486,0.0571428707667757,0.1114865237121772,22.18776060028076,0.08,2836.0,Industrials,1,2019-2021,Low Rate (2019–2021),3.099540812531425,12.0,0.0,0.0,ok,1970-01-01 01:00:25.569,14.0,75.6,2021-11-01T09:18:02-04:00,https://www.sec.gov/Archives/edgar/data/1501796/000119312521314667/d209588d424b4.htm,-0.1216216329417147,-0.1216216329417147
LVLU,2021,210.75,195.8999938964844,11.24374961853028,-0.1975497608677399,38.41277025,0.08,5961.0,Consumer,1,2019-2021,Low Rate (2019–2021),3.648389962902079,25.0,248.206,1.0,ok,1970-01-01 01:00:25.569,16.0,92.0,2021-11-12T16:35:21-05:00,https://www.sec.gov/Archives/edgar/data/1780201/000119312521328173/d189376d424b4.htm,-0.5964777666428684,-0.5964777666428684
VTEX,2021,25.10000038146973,22.18000030517578,0.1673684371145148,0.1406672177167059,262.4430939886093,0.08,7372.0,Tech,1,2019-2021,Low Rate (2019–2021),5.570034273725158,12.0,52.832,0.0,ok,1970-01-01 01:00:25.569,19.0,361.0,2021-07-22T12:54:30-04:00,https://www.sec.gov/Archives/edgar/data/1793663/000119312521221626/d155132d424b4.htm,-0.8489630361343667,-0.8489630361343667
CMTG,2021,12.04036635699381,12.68192291259766,-0.3200041333727796,-0.05235291728956923,39.03125561946682,0.08,6500.0,Finance,1,2019-2021,Low Rate (2019–2021),3.66436275129937,6.0,270.197,1.0,ok,1970-01-01 01:00:25.569,18.65,103.040019,2021-11-04T16:32:40-04:00,https://www.sec.gov/Archives/edgar/data/1666291/000119312521320220/d25803d424b4.htm,0.01717594148456294,0.01717594148456294
FLNC,2021,33.5,35.0,0.25,-0.08114286150251115,624.04805,0.08,3690.0,Industrials,1,2019-2021,Low Rate (2019–2021),6.436227368609961,13.0,1260.957,0.0,ok,1970-01-01 01:00:25.569,28.0,868.0,2021-10-29T16:49:22-04:00,https://www.sec.gov/Archives/edgar/data/1868941/000110465921131847/tm2120236-13_424b4.htm,-0.586000006539481,-0.586000006539481
NRDS,2021,23.5,28.29999923706055,0.5722221798366972,-0.4674911625054339,335.1241,0.08,7374.0,Tech,1,2019-2021,Low Rate (2019–2021),5.814500910987429,12.0,39.8,0.0,ok,1970-01-01 01:00:25.569,18.0,130.5,2021-11-05T16:18:27-04:00,https://www.sec.gov/Archives/edgar/data/1625278/000162828021022027/nerdwallet424b4.htm,-0.5183745412759017,-0.5183745412759017
BROS,2021,32.5,36.68000030517578,0.5947826219641644,0.8503272132471913,507.67275,0.08,5810.0,Consumer,1,2019-2021,Low Rate (2019–2021),6.229837047083688,29.0,558.096,0.0,ok,1970-01-01 01:00:25.569,23.0,484.210536,2021-09-16T17:03:19-04:00,https://www.sec.gov/Archives/edgar/data/1866581/000162828021018784/dutchbros424b4.htm,-0.0308070081437754,-0.0308070081437754
HOOD,2021,38.0,34.81999969482422,-0.0836842185572574,0.1823664138361547,3894.0386,0.08,6211.0,Finance,1,2019-2021,Low Rate (2019–2021),8.267202098569198,8.0,588.0,0.0,ok,1970-01-01 01:00:25.569,38.0,2090.0,2021-07-30T17:16:31-04:00,https://www.sec.gov/Archives/edgar/data/1783879/000162828021015076/robinhood424.htm,-0.7383687611567845,-0.7383687611567845
ERAS,2021,15.89999961853027,17.43000030517578,0.08937501907348633,0.320137683649328,71.23676829090118,0.08,2834.0,Industrials,1,2019-2021,Low Rate (2019–2021),4.266009093704979,3.0,0.0,0.0,ok,1970-01-01 01:00:25.569,16.0,300.0,2021-07-16T17:03:40-04:00,https://www.sec.gov/Archives/edgar/data/1761918/000119312521217534/d176019d424b4.htm,-0.6184738967908833,-0.6184738967908833
ONON,2021,35.40000152587891,35.0,0.4583333333333333,-0.02857142857142857,487.3093410049439,0.08,3021.0,Industrials,1,2019-2021,Low Rate (2019–2021),6.188899118565685,11.0,537.2,1.0,ok,1970-01-01 01:00:25.569,24.0,746.4,2021-09-16T16:25:50-04:00,https://www.sec.gov/Archives/edgar/data/1858985/000119312521275158/d175570d424b4.htm,-0.4505714416503906,-0.4505714416503906
VTYX,2021,18.64999961853027,21.02000045776367,0.3137500286102293,-0.143672711322337,31.52036435527802,0.08,,Other,1,2019-2021,Low Rate (2019–2021),3.450633824417729,3.0,0.0,0.0,ok,1970-01-01 01:00:25.569,16.0,151.562496,2021-10-21T17:10:27-04:00,https://www.sec.gov/Archives/edgar/data/1851194/000119312521304165/d160345d424b4.htm,0.2316840545113331,0.2316840545113331
XPOF,2021,11.19999980926514,12.25,0.02083333333333333,-0.03265303008410395,45.09455923204422,0.08,7990.0,Consumer,1,2019-2021,Low Rate (2019–2021),3.808761601360883,14.0,82.188,1.0,ok,1970-01-01 01:00:25.569,12.0,120.0,2021-07-26T06:09:28-04:00,https://www.sec.gov/Archives/edgar/data/1802156/000119312521223560/d753938d424b4.htm,0.08163265306122448,0.08163265306122448
PYXS,2021,19.0,13.19999980926514,-0.1750000119209287,-0.02121210128917262,80.712,0.08,2834.0,Industrials,1,2019-2021,Low Rate (2019–2021),4.390887263106078,5.0,,,ok,1970-01-01 01:00:25.569,16.0,168.0,2021-10-08T17:00:03-04:00,https://www.sec.gov/Archives/edgar/data/1782223/000119312521295600/d156228d424b4.htm,-0.8651515153704487,-0.8651515153704487
AIRS,2021,12.30770557409737,15.2312650680542,0.3846604607321999,-0.2001259271489654,68.28930437787925,0.08,8011.0,Healthcare,1,2019-2021,Low Rate (2019–2021),4.223753156625602,13.0,62.781,0.0,ok,1970-01-01 01:00:25.569,11.0,77.0,2021-10-29T15:27:11-04:00,https://www.sec.gov/Archives/edgar/data/1870940/000110465921131735/tm2121217-21_424b3.htm,-0.5509237005576121,-0.5509237005576121
LZ,2021,36.75,37.84999847412109,0.3517856597900388,-0.07529718861335497,455.31045,0.08,7374.0,Tech,1,2019-2021,Low Rate (2019–2021),6.120979493977192,22.0,211.095,0.0,ok,1970-01-01 01:00:25.569,28.0,535.388,2021-06-30T16:41:22-04:00,https://www.sec.gov/Archives/edgar/data/1286139/000119312521204774/d146270d424b4.htm,-0.70145308728451,-0.70145308728451
CXM,2021,14.60000038146973,17.60000038146973,0.1000000238418581,0.05795457020771351,236.3126861743927,0.08,7372.0,Tech,1,2019-2021,Low Rate (2019–2021),5.465155869482178,12.0,386.93,0.0,ok,1970-01-01 01:00:25.569,16.0,266.0,2021-06-23T19:37:04-04:00,https://www.sec.gov/Archives/edgar/data/1569345/000119312521197574/d58050d424b4.htm,-0.416477259365488,-0.416477259365488
BIRD,2021,428.3999938964844,577.7999877929688,37.51999918619791,-0.5199030810712314,820.6601643078614,0.08,2300.0,Industrials,1,2019-2021,Low Rate (2019–2021),6.710109094780718,6.0,168.138,0.0,ok,1970-01-01 01:00:25.569,15.0,302.884605,2021-11-03T19:02:16-04:00,https://www.sec.gov/Archives/edgar/data/1653909/000162828021021575/allbirds424b4.htm,-0.889581168942633,-0.889581168942633
RLYB,2021,119.3600006103516,112.8000030517578,7.676923311673677,-0.1914894106306411,10.00988773118591,0.08,2834.0,Industrials,1,2019-2021,Low Rate (2019–2021),2.30357337759849,3.0,0.0,0.0,ok,1970-01-01 01:00:25.569,13.0,80.6,2021-07-30T08:28:24-04:00,https://www.sec.gov/Archives/edgar/data/1739410/000119312521230254/d99471d424b4.htm,-0.3063830164271411,-0.3063830164271411
DNUT,2021,15.56586438845019,20.0541820526123,0.1796577678007236,-0.2842857641504077,636.460176287829,0.08,5400.0,Consumer,1,2019-2021,Low Rate (2019–2021),6.455921849328109,84.0,406.227,0.0,ok,1970-01-01 01:00:25.569,17.0,500.000005,2021-07-02T15:50:41-04:00,https://www.sec.gov/Archives/edgar/data/1857154/000119312521207538/d107564d424b4.htm,-0.3475138208774714,-0.3475138208774714
COOK,2021,1100.0,1100.0,60.11111111111111,0.09181818181818181,300.0206,0.08,3630.0,Industrials,1,2019-2021,Low Rate (2019–2021),5.70385113896542,16.0,406.136,0.0,ok,1970-01-01 01:00:25.569,18.0,423.529398,2021-07-30T17:23:03-04:00,https://www.sec.gov/Archives/edgar/data/1857853/000119312521231685/d128215d424b4.htm,-0.8581818181818182,-0.8581818181818182
CADL,2021,8.239999771118164,7.0,-0.125,0.601428576878139,18.73363947963714,0.08,2836.0,Industrials,1,2019-2021,Low Rate (2019–2021),2.930320810427386,22.0,0.125,0.0,ok,1970-01-01 01:00:25.569,8.0,72.0,2021-07-28T16:02:28-04:00,https://www.sec.gov/Archives/edgar/data/1841387/000119312521227369/d120909d424b4.htm,-0.5342857156481061,-0.5342857156481061
REFI,2021,9.134257238425539,9.1843843460083,-0.4259759783744812,0.0097028978170972,11.52651920916919,0.08,6798.0,Finance,1,2019-2021,Low Rate (2019–2021),2.444650398778416,0.0,48.857628,1.0,ok,1970-01-01 01:00:25.569,16.0,100.0,2021-12-08T20:11:34-05:00,https://www.sec.gov/Archives/edgar/data/1867949/000121390021064272/f424b41221_chicagoatl.htm,0.03276550684054159,0.03276550684054159
AIP,2021,16.51000022888184,18.20000076293945,0.300000054495675,0.3840659053900622,30.7102514257431,0.08,3674.0,Industrials,1,2019-2021,Low Rate (2019–2021),3.424596521516029,18.0,4.281,0.0,ok,1970-01-01 01:00:25.569,14.0,70.0,2021-10-28T16:02:03-04:00,https://www.sec.gov/Archives/edgar/data/1667011/000119312521311263/d52087d424b4.htm,-0.7038461735968046,-0.7038461735968046
DOCS,2021,41.16999816894531,53.0,1.038461538461539,-0.01207546018204599,712.4838713119507,0.08,7371.0,Tech,1,2019-2021,Low Rate (2019–2021),6.568757275131434,2.0,39.787,1.0,ok,1970-01-01 01:00:25.569,26.0,605.8,2021-06-25T16:12:13-04:00,https://www.sec.gov/Archives/edgar/data/1516513/000162828021012935/doximity-424b4.htm,-0.2650943252275575,-0.2650943252275575
RSKD,2021,27.0,26.0,0.2380952380952381,0.1107691984910231,284.1291,0.08,7389.0,Consumer,1,2019-2021,Low Rate (2019–2021),5.64942871233696,8.0,126.15,0.0,ok,1970-01-01 01:00:25.569,21.0,367.5,2021-07-30T16:06:12-04:00,https://www.sec.gov/Archives/edgar/data/1851112/000162828021015042/riskified424b4.htm,-0.8323076871725229,-0.8323076871725229
BRLT,2021,11.56194682575201,15.22619533538818,0.2688496112823484,-0.1676402149767037,91.98453655631786,0.08,3910.0,Industrials,1,2019-2021,Low Rate (2019–2021),4.521620482012273,16.0,205.591,1.0,ok,1970-01-01 01:00:25.569,12.0,99.999996,2021-09-24T16:06:47-04:00,https://www.sec.gov/Archives/edgar/data/1866757/000119312521282214/d64351d424b4.htm,-0.6197429972761191,-0.6197429972761191
BLZE,2021,19.0,19.89999961853027,0.2437499761581419,-0.06733669237561811,143.2942,0.08,7372.0,Tech,1,2019-2021,Low Rate (2019–2021),4.96489985948605,15.0,41.292,0.0,ok,1970-01-01 01:00:25.569,16.0,100.0,2021-11-12T06:31:20-05:00,https://www.sec.gov/Archives/edgar/data/1462056/000119312521327209/d62601d424b4.htm,-0.7919598017162496,-0.7919598017162496
ARHS,2021,11.51164976490066,11.78792953491211,-0.09323618962214543,-0.09921880435644398,66.70885922262282,0.08,5712.0,Consumer,1,2019-2021,Low Rate (2019–2021),4.200337766029905,35.0,703.869,1.0,ok,1970-01-01 01:00:25.569,13.0,167.741938,2021-11-05T06:08:02-04:00,https://www.sec.gov/Archives/edgar/data/1875444/000119312521320815/d183044d424b4.htm,-0.3523437891872038,-0.3523437891872038
RGC,2021,0.3157890141010284,0.2763159871101379,-0.9854570533099928,1.85809371516927,11.47318330251574,0.08,2833.0,Industrials,1,2019-2021,Low Rate (2019–2021),2.440012425549461,56.0,0.0,0.0,ok,1970-01-01 01:00:25.569,19.0,342.0,2002-05-09T10:25:11-04:00,https://www.sec.gov/Archives/edgar/data/1168696/000091205702019229/a2079109z424b4.htm,2.552378622692503,2.552378622692503
GFS,2021,47.0099983215332,46.40000152587891,-0.01276592498129972,0.3756465459479448,875.2744577487946,0.08,3674.0,Industrials,1,2019-2021,Low Rate (2019–2021),6.774537503173342,12.0,4291.0,1.0,ok,1970-01-01 01:00:25.569,47.0,2585.0,2021-10-29T16:08:29-04:00,https://www.sec.gov/Archives/edgar/data/1709048/000119312521313344/d192411d424b4.htm,0.1997844038409396,0.1997844038409396
CTKB,2021,20.10000038146973,18.76000022888184,0.1035294252283435,0.2915777850009399,63.80343121089935,0.08,3826.0,Industrials,1,2019-2021,Low Rate (2019–2021),4.155806969639712,29.0,63.062,1.0,ok,1970-01-01 01:00:25.569,17.0,247.598795,2021-07-23T16:12:21-04:00,https://www.sec.gov/Archives/edgar/data/1831915/000119312521223016/d80783d424b4.htm,-0.3598080979555683,-0.3598080979555683
CDRE,2021,14.21370893423184,14.48850727081299,0.1145005592933069,0.352631836349214,23.80227698126464,0.08,3842.0,Industrials,1,2019-2021,Low Rate (2019–2021),3.169781247582912,9.0,282.159,1.0,ok,1970-01-01 01:00:25.569,13.0,78.0,2021-11-05T16:16:30-04:00,https://www.sec.gov/Archives/edgar/data/1860543/000110465921135037/tm2115376-33_424b4.htm,1.01547691922882,1.01547691922882
LENZ,2021,73.63571547541065,61.6407585144043,2.625926971435547,0.1216215605719624,41.44740880535987,0.08,2836.0,Industrials,1,2019-2021,Low Rate (2019–2021),3.724425365884413,1.0,,,ok,1970-01-01 01:00:25.569,17.0,238.0,2021-06-25T20:37:00-04:00,https://www.sec.gov/Archives/edgar/data/1815776/000119312521200751/d132211d424b4.htm,-0.8475675725017181,-0.8475675725017181
SG,2021,52.0,49.5,0.7678571428571429,-0.3535353535353535,597.4592,0.08,5812.0,Consumer,1,2019-2021,Low Rate (2019–2021),6.392685996955343,15.0,400.595,0.0,ok,1970-01-01 01:00:25.569,28.0,364.0,2021-11-18T18:57:48-05:00,https://www.sec.gov/Archives/edgar/data/1477815/000119312521334087/d104360d424b4.htm,-0.727474752098623,-0.727474752098623
TRDA,2021,26.5,23.95000076293945,0.1975000381469725,-0.1691023388473626,28.3285,0.08,2834.0,Industrials,1,2019-2021,Low Rate (2019–2021),3.343868365035084,5.0,0.0,0.0,ok,1970-01-01 01:00:25.569,20.0,181.5,2021-11-01T16:02:42-04:00,https://www.sec.gov/Archives/edgar/data/1689375/000110465921132334/tm2123090-13_424b4.htm,-0.05427979553223308,-0.05427979553223308
TCRX,2021,12.0,10.5,-0.3,-0.1514285859607515,23.3976,0.08,2836.0,Industrials,1,2019-2021,Low Rate (2019–2021),3.152633453001034,3.0,13.535,0.0,ok,1970-01-01 01:00:25.569,15.0,100.000005,2021-07-19T07:01:24-04:00,https://www.sec.gov/Archives/edgar/data/1783328/000119312521218024/d107876d424b4.htm,-0.675238087063744,-0.675238087063744
INTA,2021,25.25,28.0,0.07692307692307693,0.1500000272478376,124.909225,0.08,7372.0,Tech,1,2019-2021,Low Rate (2019–2021),4.827587273491353,21.0,99.083,0.0,ok,1970-01-01 01:00:25.569,26.0,273.0,2021-06-30T18:24:30-04:00,https://www.sec.gov/Archives/edgar/data/1565687/000119312521204971/d83031d424b4.htm,-0.4750000068119594,-0.4750000068119594
DH,2021,37.25,43.29000091552734,0.6033333672417532,-0.1672442024797911,292.16665,0.08,7372.0,Tech,1,2019-2021,Low Rate (2019–2021),5.677324358648113,10.0,25.866,0.0,ok,1970-01-01 01:00:25.569,27.0,419.999991,2021-09-16T17:27:57-04:00,https://www.sec.gov/Archives/edgar/data/1861795/000119312521275280/d127783d424b4.htm,-0.5507045425826478,-0.5507045425826478
SERA,2021,15.01000022888184,11.89999961853027,-0.2562500238418581,-0.163865535443267,49.59003875617981,0.08,8071.0,Healthcare,1,2019-2021,Low Rate (2019–2021),3.903789982032897,8.0,0.193,0.0,ok,1970-01-01 01:00:25.569,16.0,75.0,2021-07-16T16:14:31-04:00,https://www.sec.gov/Archives/edgar/data/1534969/000110465921093073/tm2110724-23_424b4.htm,-0.8605042000138804,-0.8605042000138804
GHRS,2021,22.0,19.25,0.203125,-0.04207789433466923,36.3088,0.08,2834.0,Industrials,1,2019-2021,Low Rate (2019–2021),3.592060136133221,3.0,0.0,0.0,ok,1970-01-01 01:00:25.569,16.0,160.0,2021-06-28T16:09:28-04:00,https://www.sec.gov/Archives/edgar/data/1855129/000114036121022509/nt10022430x10_424b4.htm,-0.4285714285714285,-0.4285714285714285
SOPH,2021,18.45000076293945,16.76000022888184,-0.06888887617323114,0.1610977815464477,47.36853195877075,0.08,7374.0,Tech,1,2019-2021,Low Rate (2019–2021),3.857958125506956,10.0,16.306,0.0,ok,1970-01-01 01:00:25.569,18.0,234.0,2021-07-23T16:37:19-04:00,https://www.sec.gov/Archives/edgar/data/1840706/000119312521223070/d101766d424b4.htm,-0.7905727957918154,-0.7905727957918154
TOST,2021,65.26000213623047,62.5099983215332,0.5627499580383301,0.007678825305107136,930.3204864532471,0.08,7374.0,Tech,1,2019-2021,Low Rate (2019–2021),6.83552913587274,10.0,2220.0,0.0,ok,1970-01-01 01:00:25.569,40.0,869.56524,2021-09-22T16:02:24-04:00,https://www.sec.gov/Archives/edgar/data/1650164/000119312521279379/d166297d424b4.htm,-0.7077267485468786,-0.7077267485468786
DUOL,2021,141.3999938964844,134.2550048828125,0.3162255380667892,0.2643848931231287,408.3490423736572,0.08,7372.0,Tech,1,2019-2021,Low Rate (2019–2021),6.012122304689884,10.0,99.431,0.0,ok,1970-01-01 01:00:25.569,102.0,520.823526,2021-07-28T16:58:44-04:00,https://www.sec.gov/Archives/edgar/data/1562088/000162828021014753/duolingo424b4.htm,-0.2732486972832753,-0.2732486972832753
STVN,2021,16.46153175129711,19.44734764099121,-0.07393582661946614,0.2785966982577794,206.4045620168139,0.08,3841.0,Industrials,1,2019-2021,Low Rate (2019–2021),5.329838136157785,72.0,663.879,1.0,ok,1970-01-01 01:00:25.569,21.0,672.0,2021-07-16T14:18:58-04:00,https://www.sec.gov/Archives/edgar/data/1849853/000119312521217250/d87447d424b4.htm,-0.241265628293261,-0.241265628293261
MCW,2021,18.89999961853027,20.29999923706055,0.3533332824707033,-0.0009851503037758176,334.7567932434082,0.08,7500.0,Consumer,1,2019-2021,Low Rate (2019–2021),5.813404277848294,25.0,268.467,1.0,ok,1970-01-01 01:00:25.569,15.0,562.5,2021-06-28T17:00:19-04:00,https://www.sec.gov/Archives/edgar/data/1853513/000119312521202135/d117644d424b4.htm,-0.3950738820446703,-0.3950738820446703
ABOS,2021,26.0,20.10000038146973,0.2562500238418581,-0.245273642368722,58.4142,0.08,2836.0,Industrials,1,2019-2021,Low Rate (2019–2021),4.067559010962776,25.0,0.0,0.0,ok,1970-01-01 01:00:25.569,16.0,159.999984,2021-07-02T16:09:41-04:00,https://www.sec.gov/Archives/edgar/data/1576885/000119312521207605/d104413d424b4.htm,-0.7661691681559327,-0.7661691681559327
FWRG,2021,21.0,22.1299991607666,0.2294443978203667,-0.09353817321846263,76.692,0.08,5812.0,Consumer,1,2019-2021,Low Rate (2019–2021),4.339797400456145,38.0,590.627,1.0,ok,1970-01-01 01:00:25.569,18.0,170.262,2021-10-04T16:07:46-04:00,https://www.sec.gov/Archives/edgar/data/1789940/000119312521290941/d177756d424b4.htm,-0.3456845869245515,-0.3456845869245515
OLPX,2021,25.0,24.5,0.1666666666666667,0.03102041750538106,927.56,0.08,2844.0,Industrials,1,2019-2021,Low Rate (2019–2021),6.832557482416235,7.0,176.858,1.0,ok,1970-01-01 01:00:25.569,21.0,1547.7,2021-10-01T16:17:07-04:00,https://www.sec.gov/Archives/edgar/data/1868726/000119312521289710/d164089d424b4.htm,-0.607346943446568,-0.607346943446568
LTH,2021,16.56999969482422,17.75,-0.01388888888888889,0.0963379765900088,201.5873022872925,0.08,7997.0,Consumer,1,2019-2021,Low Rate (2019–2021),5.306222549527546,29.0,1068.208,0.0,ok,1970-01-01 01:00:25.569,18.0,702.0,2021-10-07T20:20:38-04:00,https://www.sec.gov/Archives/edgar/data/1869198/000119312521294420/d157859d424b4.htm,-0.4163380475111411,-0.4163380475111411
ZVIA,2021,12.5,13.64999961853027,-0.02500002724783787,0.1267399666123154,58.3325,0.08,2086.0,Industrials,1,2019-2021,Low Rate (2019–2021),4.066159399439077,14.0,93.16,0.0,ok,1970-01-01 01:00:25.569,14.0,149.8,2021-07-23T06:07:55-04:00,https://www.sec.gov/Archives/edgar/data/1854139/000119312521222296/d115565d424b4.htm,-0.7516483370225043,-0.7516483370225043
NYXH,2021,24.0,24.0,-0.2,0.125,0.0048,0.08,3841.0,Industrials,0,2019-2021,Low Rate (2019–2021),-4.605170185988091,,0.132,0.0,ok,1970-01-01 01:00:25.569,30.0,85.05,2021-07-06T16:15:53-04:00,https://www.sec.gov/Archives/edgar/data/1857190/000110465921089418/tm2111148-15_424b4.htm,-0.2825000286102295,-0.2825000286102295
LUCD,2021,12.75,11.76000022888184,-0.1599999836512972,-0.282312974819917,63.954,0.08,3841.0,Industrials,1,2019-2021,Low Rate (2019–2021),4.158164074935055,3.0,3.327,0.0,ok,1970-01-01 01:00:25.569,14.0,70.0,2021-10-14T17:55:47-04:00,https://www.sec.gov/Archives/edgar/data/1799011/000149315221025472/form424b4.htm,-0.8537414970123882,-0.8537414970123882
PRCT,2021,35.0,41.93999862670898,0.6775999450683591,-0.0004768826518495598,141.7815,0.08,3841.0,Industrials,1,2019-2021,Low Rate (2019–2021),4.954287140142383,9.0,37.929,0.0,ok,1970-01-01 01:00:25.569,25.0,163.9,2021-09-16T16:42:37-04:00,https://www.sec.gov/Archives/edgar/data/1588978/000162828021018770/proceptbiorobotics424b4.htm,0.1158798466735411,0.1158798466735411
RPID,2021,22.5,21.39999961853027,0.0699999809265135,0.04672897279559292,82.1745,0.08,3826.0,Industrials,1,2019-2021,Low Rate (2019–2021),4.408845034956171,15.0,25.673,0.0,ok,1970-01-01 01:00:25.569,20.0,158.4,2021-07-16T16:16:38-04:00,https://www.sec.gov/Archives/edgar/data/1380106/000110465921093078/tm219739-18_424b4.htm,-0.7976635513602204,-0.7976635513602204
CNM,2021,20.0,20.0,0.0,0.5050000190734864,0.002,0.08,5099.0,Consumer,1,2019-2021,Low Rate (2019–2021),-4.605170185988091,2098.0,3642.0,1.0,ok,1970-01-01 01:00:25.569,20.0,697.67442,2021-07-26T16:27:37-04:00,https://www.sec.gov/Archives/edgar/data/1856525/000119312521224347/d94226d424b4.htm,0.1270000457763672,0.1270000457763672
GTLB,2021,94.25,103.8899993896484,0.349220771294135,-0.07604198259978101,805.922325,0.08,7372.0,Tech,1,2019-2021,Low Rate (2019–2021),6.691987366894907,10.0,152.176,0.0,ok,1970-01-01 01:00:25.569,77.0,800.8,2021-10-14T16:03:25-04:00,https://www.sec.gov/Archives/edgar/data/1653482/000162828021020056/gitlab-424b4.htm,-0.5418230941017415,-0.5418230941017415
HCWB,2021,300.0,252.0,30.5,-0.3698412577311198,24.1914,0.08,2834.0,Industrials,1,2019-2021,Low Rate (2019–2021),3.185997198102256,3.0,3.756316,0.0,ok,1970-01-01 01:00:25.569,8.0,56.0,2021-07-21T16:16:24-04:00,https://www.sec.gov/Archives/edgar/data/1828673/000119312521220633/d39345d424b4.htm,-0.626984126984127,-0.626984126984127
RENT,2021,460.0,385.7999877929688,17.37142799014137,-0.4287195415497077,211.1193,0.08,5990.0,Consumer,1,2019-2021,Low Rate (2019–2021),5.352423376539704,0.0,157.5,0.0,ok,1970-01-01 01:00:25.569,21.0,357.0,2021-10-27T06:13:52-04:00,https://www.sec.gov/Archives/edgar/data/1468327/000119312521308630/d194411d424b4.htm,-0.904613788487706,-0.904613788487706
EXFY,2021,39.75,41.06000137329102,0.5207407916033712,-0.1005845331218558,423.59985,0.08,7372.0,Tech,1,2019-2021,Low Rate (2019–2021),6.04878925961954,13.0,62.669,0.0,ok,1970-01-01 01:00:25.569,27.0,262.730952,2021-11-12T06:10:38-05:00,https://www.sec.gov/Archives/edgar/data/1476840/000162828021022947/expensify424b4.htm,-0.6980029419434869,-0.6980029419434869
XMTR,2021,67.01000213623047,87.38999938964844,0.9861363497647372,-0.08216043432111833,309.3583758621216,0.08,7389.0,Consumer,1,2019-2021,Low Rate (2019–2021),5.734500397292118,8.0,234.93,0.0,ok,1970-01-01 01:00:25.569,44.0,302.5,2021-07-01T17:17:00-04:00,https://www.sec.gov/Archives/edgar/data/1657573/000119312521206526/d120843d424b4.htm,-0.6143723423926319,-0.6143723423926319
CURV,2021,23.25,24.14999961853027,0.1499999818347748,0.2277432748189302,138.54675,0.08,5600.0,Consumer,1,2019-2021,Low Rate (2019–2021),4.931207813798207,17.0,310.89,1.0,ok,1970-01-01 01:00:25.569,21.0,231.0,2021-07-02T16:31:41-04:00,https://www.sec.gov/Archives/edgar/data/1792781/000119312521207670/d895088d424b4.htm,-0.8211180024886359,-0.8211180024886359
HEPS,2021,12.75,13.43000030517578,0.1191666920979816,-0.03574091474336433,178.22205,0.08,5961.0,Consumer,0,2019-2021,Low Rate (2019–2021),5.183030244755609,,29921.05,0.0,ok,1970-01-01 01:00:25.569,12.0,680.88,2021-07-01T13:26:56-04:00,https://www.sec.gov/Archives/edgar/data/1850235/000110465921088134/tm219600-13_424b4.htm,-0.9547282228865356,-0.9547282228865356
DDL,2021,28.0,23.52000045776367,0.000851083309092269,-0.1211734832483379,69.1992,0.08,5961.0,Consumer,1,2019-2021,Low Rate (2019–2021),4.236989301863157,4.0,16735.643,0.0,ok,1970-01-01 01:00:25.569,23.5,95.692,2021-06-30T16:02:52-04:00,https://www.sec.gov/Archives/edgar/data/1854545/000119312521204687/d121652d424b4.htm,-0.7674319862359498,-0.7674319862359498
AKA,2021,114.0,119.879997253418,9.898181568492545,0.1461461214920647,70.760712,0.08,5961.0,Consumer,1,2019-2021,Low Rate (2019–2021),4.259303931422985,11.0,274.491,0.0,ok,1970-01-01 01:00:25.569,11.0,110.0,2021-09-23T16:16:43-04:00,https://www.sec.gov/Archives/edgar/data/1865107/000119312521280693/d191500d424b4.htm,-0.8448448381079737,-0.8448448381079737
YMM,2021,19.3430825771003,20.20919036865234,0.06364159835012317,-0.4304761974872955,259.9420152123624,0.08,7372.0,Tech,1,2019-2021,Low Rate (2019–2021),5.560458587729233,10.0,3514.551,1.0,ok,1970-01-01 01:00:25.569,19.0,1567.5,2021-06-23T08:41:51-04:00,https://www.sec.gov/Archives/edgar/data/1838413/000119312521196842/d260023d424b4.htm,-0.5776190805173095,-0.5776190805173095
CVRX,2021,26.25,28.0,0.5555555555555556,-0.2807143075125558,74.972625,0.08,3841.0,Industrials,1,2019-2021,Low Rate (2019–2021),4.317123046907597,21.0,4.999,0.0,ok,1970-01-01 01:00:25.569,18.0,126.0,2021-07-01T16:07:20-04:00,https://www.sec.gov/Archives/edgar/data/1235912/000110465921088225/tm2112357-11_424b4.htm,-0.7857142857142857,-0.7857142857142857
DOLE,2021,13.49834376368029,13.04839897155762,0.04387191772460966,0.01931029119651332,112.6828239048267,0.08,100.0,Industrials,1,2019-2021,Low Rate (2019–2021),4.724577003972335,158.0,7424.525,1.0,ok,1970-01-01 01:00:25.569,12.5,446.4375,2009-10-26T14:02:00-04:00,https://www.sec.gov/Archives/edgar/data/18169/000095012309053074/v53746b4e424b4.htm,-0.3401011106590245,-0.3401011106590245
RELY,2021,52.90000152587891,48.45000076293945,0.1267442037892896,-0.2988647949271535,520.5994950164795,0.08,7389.0,Consumer,1,2019-2021,Low Rate (2019–2021),6.254981022557074,8.0,326.933,0.0,ok,1970-01-01 01:00:25.569,43.0,522.999411,2021-09-24T08:48:50-04:00,https://www.sec.gov/Archives/edgar/data/1782170/000162828021019130/remitlyglobalinc-424b4.htm,-0.7857585149434957,-0.7857585149434957
RXST,2021,17.5,16.0,0.0,-0.143750011920929,45.031,0.08,3851.0,Industrials,1,2019-2021,Low Rate (2019–2021),3.807351141484177,24.0,27.677,0.0,ok,1970-01-01 01:00:25.569,16.0,117.6,2021-07-30T16:17:29-04:00,https://www.sec.gov/Archives/edgar/data/1111485/000119312521231508/d237930d424b4.htm,-0.06499999761581421,-0.06499999761581421
KLTR,2021,11.5,12.0,0.2,-0.03500000635782877,75.24335,0.08,7372.0,Tech,1,2019-2021,Low Rate (2019–2021),4.320727527630918,14.0,61.871,0.0,ok,1970-01-01 01:00:25.569,10.0,150.0,2021-07-22T16:06:33-04:00,https://www.sec.gov/Archives/edgar/data/1432133/000162828021014255/kaltura424b.htm,-0.8275000055631002,-0.8275000055631002
ARBK,2021,3242.159912109375,3618.0,240.2,0.03343282502418463,141.5397331230469,0.08,6199.0,Finance,0,2019-2021,Low Rate (2019–2021),4.952580477122665,,47.228,0.0,ok,1970-01-01 01:00:25.569,15.0,112.5,2021-09-23T08:53:27-04:00,https://www.sec.gov/Archives/edgar/data/1841675/000110465921118579/tm2115473-31_424b4.htm,-0.7552238873449593,-0.7552238873449593
COCO,2021,15.36999988555908,13.52000045776367,-0.09866663614908866,-0.1812130680463531,148.5433638939857,0.08,2080.0,Industrials,1,2019-2021,Low Rate (2019–2021),5.000876928369441,4.0,324.426,1.0,ok,1970-01-01 01:00:25.569,15.0,172.5,2021-10-22T17:12:24-04:00,https://www.sec.gov/Archives/edgar/data/1482981/000119312521305555/d197386d424b4.htm,-0.2056213456005566,-0.2056213456005566
DDI,2021,18.0,17.75,-0.01388888888888889,-0.01239432751292914,68.7042,0.08,7374.0,Tech,1,2019-2021,Low Rate (2019–2021),4.229810332730792,13.0,109.305,0.0,ok,1970-01-01 01:00:25.569,18.0,113.688,2021-09-01T06:43:27-04:00,https://www.sec.gov/Archives/edgar/data/1799567/000095012321011997/d185501d424b4.htm,-0.3938028040066571,-0.3938028040066571
EVCM,2021,20.0,17.60000038146973,0.03529414008645471,0.1039772661387429,204.15,0.08,7372.0,Tech,1,2019-2021,Low Rate (2019–2021),5.318855017765585,5.0,217.375,0.0,ok,1970-01-01 01:00:25.569,17.0,325.000016,2021-07-02T20:52:29-04:00,https://www.sec.gov/Archives/edgar/data/1853145/000114036121023401/nt10022251x14_424b4.htm,-0.486363649663846,-0.486363649663846
WEAV,2021,21.79999923706055,18.79000091552734,-0.2170832951863608,-0.170835595285611,75.70049735069274,0.08,7372.0,Tech,1,2019-2021,Low Rate (2019–2021),4.326784730444182,13.0,53.276,0.0,ok,1970-01-01 01:00:25.569,24.0,120.0,2021-11-12T16:03:56-05:00,https://www.sec.gov/Archives/edgar/data/1609151/000162828021023138/weave424b4.htm,-0.7445449730250772,-0.7445449730250772
TCBX,2021,26.0,25.01000022888184,0.0004000091552735796,0.05957615983535638,26.4446,0.08,6036.0,Finance,1,2019-2021,Low Rate (2019–2021),3.275051978670895,13.0,122.689,1.0,ok,1970-01-01 01:00:25.569,25.0,87.5,2021-11-09T16:46:22-05:00,https://www.sec.gov/Archives/edgar/data/1781730/000119312521324568/d214992d424b4.htm,-0.2495001884850901,-0.2495001884850901
ACT,2021,16.11554902458525,16.51037979125977,-0.1310326425652753,0.125426833086227,55.03782302876354,0.08,6411.0,Finance,1,2019-2021,Low Rate (2019–2021),4.008020640313134,40.0,1094.873,1.0,ok,1970-01-01 01:00:25.569,19.0,252.8976,2021-09-16T21:06:17-04:00,https://www.sec.gov/Archives/edgar/data/1823529/000162828021018799/enactholdingsinc424b4.htm,0.2314717956330697,0.2314717956330697
TYRA,2021,29.89999961853027,26.0,0.625,-0.1357692571786734,45.02939942550659,0.08,2834.0,Industrials,1,2019-2021,Low Rate (2019–2021),3.807315597016157,3.0,0.0,0.0,ok,1970-01-01 01:00:25.569,16.0,172.8,2021-09-15T16:10:25-04:00,https://www.sec.gov/Archives/edgar/data/1863127/000119312521273963/d189651d424b4.htm,-0.6538461538461539,-0.6538461538461539
IVVD,2021,21.0,20.8799991607666,0.2282352447509766,1.214080526837483,68.1765,0.08,2836.0,Industrials,0,2019-2021,Low Rate (2019–2021),4.222099930689827,,,,ok,1970-01-01 01:00:25.569,17.0,309.4,2021-08-06T16:54:21-04:00,https://www.sec.gov/Archives/edgar/data/1832038/000119312521239375/d549501d424b4.htm,-0.808429111074105,-0.808429111074105
PECO,2021,4.885919570922852,4.885919570922852,-0.825502872467041,0.0,0.05423370723724365,0.08,6798.0,Finance,1,2019-2021,Low Rate (2019–2021),-2.91445265909296,12.0,167.547,1.0,ok,1970-01-01 01:00:25.569,28.0,476.0,2021-07-15T21:46:31-04:00,https://www.sec.gov/Archives/edgar/data/1476204/000147620421000152/prospectusfinal.htm,4.508544367666044,4.508544367666044
GLUE,2021,22.0,21.18000030517578,0.1147368581671464,0.448064194257782,85.9452,0.08,2836.0,Industrials,1,2019-2021,Low Rate (2019–2021),4.453709883847051,3.0,0.0,0.0,ok,1970-01-01 01:00:25.569,19.0,222.3,2021-06-25T06:08:04-04:00,https://www.sec.gov/Archives/edgar/data/1826457/000119312521199386/d47776d424b4.htm,-0.5509914970795413,-0.5509914970795413
TKNO,2021,20.71999931335449,25.0,0.5625,-0.1512000274658203,74.97531751537323,0.08,2835.0,Industrials,1,2019-2021,Low Rate (2019–2021),4.317158959576065,25.0,21.927,0.0,ok,1970-01-01 01:00:25.569,16.0,96.0,2021-06-25T16:49:33-04:00,https://www.sec.gov/Archives/edgar/data/1850902/000119312521200510/d83801d424b4.htm,-0.654000015258789,-0.654000015258789
RANI,2021,11.30000019073486,11.0,0.0,0.948181845925071,10.97682018527985,0.08,2834.0,Industrials,1,2019-2021,Low Rate (2019–2021),2.395785793526994,9.0,0.0,0.0,ok,1970-01-01 01:00:25.569,11.0,73.333337,2021-08-02T16:11:27-04:00,https://www.sec.gov/Archives/edgar/data/1856725/000119312521233246/d151628d424b4.htm,0.02272727272727273,0.02272727272727273
IOT,2021,24.89999961853027,24.70000076293945,0.07391307664954129,0.1380566697199688,315.6124751647949,0.08,7373.0,Tech,1,2019-2021,Low Rate (2019–2021),5.754515116596053,6.0,249.905,0.0,ok,1970-01-01 01:00:25.569,23.0,805.0,2021-12-15T17:07:17-05:00,https://www.sec.gov/Archives/edgar/data/1642896/000119312521358031/d261594d424b4.htm,-0.4538461799823535,-0.4538461799823535
IHS,2021,17.64999961853027,17.0,-0.4925373134328358,-0.1517647013944738,188.890295917511,0.08,4812.0,Industrials,1,2019-2021,Low Rate (2019–2021),5.241166401655403,41.0,703.372,0.0,ok,1970-01-01 01:00:25.569,33.5,281.4,2006-10-25T16:12:16-04:00,https://www.sec.gov/Archives/edgar/data/1316360/000104746906013100/a2174012z424b4.htm,-0.6835294050328872,-0.6835294050328872
RIVN,2021,106.75,100.7300033569336,0.2914102994478666,-0.03861815635266934,11067.786625,0.08,3711.0,Industrials,1,2019-2021,Low Rate (2019–2021),9.311794062170206,12.0,4781.0,0.0,ok,1970-01-01 01:00:25.569,78.0,11934.0,2021-11-12T17:00:47-05:00,https://www.sec.gov/Archives/edgar/data/1874178/000119312521328239/d157488d424b4.htm,-0.7213342722191812,-0.7213342722191812
BEAT,2021,5.400000095367432,4.690000057220459,-0.7394444412655301,-0.2921108970709896,14.23278025135994,0.08,3841.0,Industrials,1,2019-2021,Low Rate (2019–2021),2.655547772593198,14.0,0.0,0.0,ok,1970-01-01 01:00:25.569,18.0,81.0,2008-03-19T11:01:27-04:00,https://www.sec.gov/Archives/edgar/data/1113784/000104746908003061/a2183962z424b4.htm,-0.2004264489876259,-0.2004264489876259
TNYA,2021,19.5,15.35000038146973,0.02333335876464867,0.4527686438353934,39.89895,0.08,2836.0,Industrials,1,2019-2021,Low Rate (2019–2021),3.686350007760077,5.0,0.0,0.0,ok,1970-01-01 01:00:25.569,15.0,180.0,2021-07-30T16:48:37-04:00,https://www.sec.gov/Archives/edgar/data/1858848/000119312521231612/d175698d424b4.htm,-0.689250823297387,-0.689250823297387
UDMY,2021,27.0,27.5,-0.05172413793103448,-0.2545454545454545,205.2513,0.08,8200.0,Other,1,2019-2021,Low Rate (2019–2021),5.324235082051822,11.0,275.32,0.0,ok,1970-01-01 01:00:25.569,29.0,420.5,2021-10-29T16:05:58-04:00,https://www.sec.gov/Archives/edgar/data/1607939/000119312521313334/d163445d424b4.htm,-0.4643636530095881,-0.4643636530095881
IMRX,2021,19.5,17.59000015258789,0.1726666768391927,0.3297327564950154,18.369,0.08,2834.0,Industrials,1,2019-2021,Low Rate (2019–2021),2.910664461163927,8.0,0.158122,0.0,ok,1970-01-01 01:00:25.569,15.0,112.5,2021-07-30T16:13:59-04:00,https://www.sec.gov/Archives/edgar/data/1790340/000110465921098251/tm2115679-12_424b4.htm,-0.6293348536459635,-0.6293348536459635
S,2021,46.0,42.5,0.2142857142857143,0.1689411836511948,947.0158,0.08,7372.0,Tech,1,2019-2021,Low Rate (2019–2021),6.853315777313001,8.0,93.056,0.0,ok,1970-01-01 01:00:25.569,35.0,1225.0,2021-06-30T17:29:48-04:00,https://www.sec.gov/Archives/edgar/data/1583708/000162828021013240/sentineloneinc424b4.htm,-0.4200000089757583,-0.4200000089757583
DERM,2021,8.699999809265137,9.899999618530273,-0.3812500238418579,-0.4545454238947637,33.67334926176071,0.08,2834.0,Industrials,1,2019-2021,Low Rate (2019–2021),3.516706701399621,2082.0,30.775,0.0,ok,1970-01-01 01:00:25.569,16.0,125.0,2014-10-03T12:05:07-04:00,https://www.sec.gov/Archives/edgar/data/1557883/000104746914008066/a2221679z424b4.htm,-0.7878787893383445,-0.7878787893383445
PTLO,2021,26.0,29.10000038146973,0.4550000190734865,0.2178693526504706,438.8306,0.08,5812.0,Consumer,1,2019-2021,Low Rate (2019–2021),6.08411346161232,58.0,358.629,1.0,ok,1970-01-01 01:00:25.569,20.0,405.4054,2021-10-22T17:22:48-04:00,https://www.sec.gov/Archives/edgar/data/1871509/000119312521305586/d184092d424b4.htm,-0.3048110214074646,-0.3048110214074646
BRZE,2021,87.19999694824219,93.38999938964844,0.4367692213792067,-0.1737872987858487,474.3243833999634,0.08,7372.0,Tech,1,2019-2021,Low Rate (2019–2021),6.161891440796711,7.0,150.191,0.0,ok,1970-01-01 01:00:25.569,65.0,520.0,2021-11-18T17:08:30-05:00,https://www.sec.gov/Archives/edgar/data/1676238/000119312521333968/d40379d424b4.htm,-0.7199914360270485,-0.7199914360270485
YOU,2021,34.20174949668508,35.48819732666016,0.1447805589245214,0.3177500032785059,308.3253515376663,0.08,7372.0,Tech,1,2019-2021,Low Rate (2019–2021),5.731155561604377,11.0,161.054,0.0,ok,1970-01-01 01:00:25.569,31.0,409.2,2021-07-01T14:58:28-04:00,https://www.sec.gov/Archives/edgar/data/1856314/000110465921088178/tm2112714-18_424b4.htm,-0.4962500341287096,-0.4962500341287096
CRBU,2021,17.64999961853027,16.31999969482422,0.01999998092651367,0.8370098102234823,120.3041623998642,0.08,2836.0,Industrials,1,2019-2021,Low Rate (2019–2021),4.790023222547183,10.0,13.851,0.0,ok,1970-01-01 01:00:25.569,16.0,304.0,2021-07-23T16:24:02-04:00,https://www.sec.gov/Archives/edgar/data/1619856/000119312521223038/d145328d424b4.htm,-0.5373774306423978,-0.5373774306423978
SGHT,2021,30.0,33.5,0.3958333333333333,0.01731348749416978,175.272,0.08,3841.0,Industrials,1,2019-2021,Low Rate (2019–2021),5.166339052985919,7.0,12.361,0.0,ok,1970-01-01 01:00:25.569,24.0,240.0,2021-07-15T17:23:29-04:00,https://www.sec.gov/Archives/edgar/data/1531177/000119312521216560/d90195d424b4.htm,-0.7432835707023963,-0.7432835707023963
ACRV,2022,13.35000038146973,16.63999938964844,0.3311999511718753,-0.2788461273943875,7.048800201416015,1.68,2834.0,Industrials,1,2022-2024,High Rate (2022–2024),1.952857418144894,4.0,0.0,0.0,ok,1970-01-01 01:00:25.569,12.5,94.375,2022-11-16T16:31:35-05:00,https://www.sec.gov/Archives/edgar/data/1781174/000119312522286805/d383050d424b4.htm,-0.688100946659343,-0.688100946659343
MBLY,2022,26.70999908447266,28.96999931335449,0.3795237768264042,0.09043841564834416,765.3750237655639,1.68,7372.0,Tech,1,2022-2024,High Rate (2022–2024),6.640365940848993,15.0,1032.0,0.0,ok,1970-01-01 01:00:25.569,21.0,861.0,2022-10-27T16:06:28-04:00,https://www.sec.gov/Archives/edgar/data/1910139/000110465922112004/tm227410-23_424b4.htm,0.2571625485733631,0.2571625485733631
AMLX,2022,21.0,18.06999969482422,-0.04894738448293585,0.6591034891286404,45.3621,1.68,2834.0,Industrials,1,2022-2024,High Rate (2022–2024),3.814676954644153,8.0,25.441,1.0,ok,1970-01-01 01:00:25.569,19.0,190.0,2022-01-10T16:02:28-05:00,https://www.sec.gov/Archives/edgar/data/1658551/000119312522005621/d155225d424b4.htm,0.9690095424432049,0.9690095424432049
ACDC,2022,17.60000038146973,18.11000061035156,0.006111145019531052,0.07675313875218329,111.3305624130249,1.68,1389.0,Industrials,0,2022-2024,High Rate (2022–2024),4.712503815493102,,2178.5,0.0,ok,1970-01-01 01:00:25.569,18.0,288.0,2022-05-13T21:51:33-04:00,https://www.sec.gov/Archives/edgar/data/1881487/000119312522150480/d897680d424b4.htm,-0.4064053209443092,-0.4064053209443092
DRCT,2022,236.5,165.0,3.817518248175182,-0.2333333333333333,12.5687925,1.68,7310.0,Tech,1,2022-2024,High Rate (2022–2024),2.531216955935396,12.0,119.536,0.0,ok,1970-01-01 01:00:25.569,34.25,113.505014,2004-03-24T17:23:51-05:00,https://www.sec.gov/Archives/edgar/data/1023031/000095014404002976/g87449b4e424b4.htm,0.7383334073153409,0.7383334073153409
ATAT,2022,14.7119383437713,12.22514629364014,0.1113769357854673,0.3858694850883396,27.08614968471735,1.68,7011.0,Tech,1,2022-2024,High Rate (2022–2024),3.299022515494117,9.0,2754.216,1.0,ok,1970-01-01 01:00:25.569,11.0,52.25,2022-11-14T06:27:42-05:00,https://www.sec.gov/Archives/edgar/data/1853717/000110465922117548/tm2111252-33_424b4.htm,0.5201623840246447,0.5201623840246447
CRBG,2022,16.09191143119555,16.21714019775391,-0.2277552286783852,0.1231531798121295,80.16507517678687,1.68,6311.0,Finance,1,2022-2024,High Rate (2022–2024),4.384087948416035,24.0,24697.0,1.0,ok,1970-01-01 01:00:25.569,21.0,1680.0,2022-09-15T17:43:29-04:00,https://www.sec.gov/Archives/edgar/data/1889539/000114036122033508/ny20001795x22_424b4.htm,-0.004684649167634133,-0.004684649167634133
GCT,2022,19.20000076293945,15.6899995803833,0.3074999650319417,-0.3556405400215911,221.4892888011932,1.68,5961.0,Consumer,1,2022-2024,High Rate (2022–2024),5.400374230759236,19.0,515.198,1.0,ok,1970-01-01 01:00:25.569,12.0,342.857148,2004-10-29T16:29:41-04:00,https://www.sec.gov/Archives/edgar/data/1293200/000104746904032572/a2145731z424b4.htm,-0.2644996640865997,-0.2644996640865997
IE,2022,11.75,10.80000019073486,-0.08085104759703321,-0.1120370385905188,61.235125,1.68,1000.0,Industrials,1,2022-2024,High Rate (2022–2024),4.114720962787408,12.0,2.986,0.0,ok,1970-01-01 01:00:25.569,11.75,169.059,2022-06-29T06:02:00-04:00,https://www.sec.gov/Archives/edgar/data/1879016/000110465922075413/tm224101-24_424b4.htm,0.2787037199743815,0.2787037199743815
CRDO,2022,12.10000038146973,11.64999961853027,0.164999961853027,0.3313305353428439,64.99757204914093,1.68,3674.0,Industrials,1,2022-2024,High Rate (2022–2024),4.174349916107854,14.0,78.0,0.0,ok,1970-01-01 01:00:25.569,10.0,200.0,2022-01-27T16:04:20-05:00,https://www.sec.gov/Archives/edgar/data/1807794/000162828022001369/credotechnologygroup424b4.htm,0.4858369126819042,0.4858369126819042
TPG,2022,28.05397981755874,28.90410041809082,-0.02019998582742982,-0.09588214336832085,418.8038377064256,1.68,6282.0,Finance,1,2022-2024,High Rate (2022–2024),6.037402642532299,30.0,1817.252,1.0,ok,1970-01-01 01:00:25.569,29.5,1000.05,2022-01-14T16:23:25-05:00,https://www.sec.gov/Archives/edgar/data/1880661/000119312522009890/d197780d424b4.htm,0.04552716018628652,0.04552716018628652
ANTX,2022,16.85000038146973,15.39999961853027,0.02666664123535133,-0.01818180129266222,23.40802052993774,1.68,2834.0,Industrials,1,2022-2024,High Rate (2022–2024),3.153078721325305,5.0,0.0,0.0,ok,1970-01-01 01:00:25.569,15.0,69.0,2022-03-25T21:30:44-04:00,https://www.sec.gov/Archives/edgar/data/1880438/000119312522085459/d211954d424b4.htm,-0.3720779015696613,-0.3720779015696613
ACLX,2022,19.0,16.79999923706055,0.11999994913737,-0.1261904183428818,20.7689,1.68,2836.0,Industrials,1,2022-2024,High Rate (2022–2024),3.033456675484093,8.0,110.319,0.0,ok,1970-01-01 01:00:25.569,15.0,123.75,2022-02-07T17:12:13-05:00,https://www.sec.gov/Archives/edgar/data/1786205/000119312522029768/d129231d424b4.htm,0.9125001504307769,0.9125001504307769
BLCO,2022,18.5,20.0,0.1111111111111111,-0.225,281.66805,1.68,3851.0,Industrials,1,2022-2024,High Rate (2022–2024),5.640729249919608,23.0,1500.0,0.0,ok,1970-01-01 01:00:25.569,18.0,630.0,2022-05-05T21:50:19-04:00,https://www.sec.gov/Archives/edgar/data/1860742/000119312522142702/d178785d424b4.htm,-0.08599996566772461,-0.08599996566772461
PEPG,2022,15.60000038146973,12.89000034332275,0.07416669527689586,-0.08378587237707201,23.58720057678223,1.68,2834.0,Industrials,1,2022-2024,High Rate (2022–2024),3.16070421646602,4.0,0.0,0.0,ok,1970-01-01 01:00:25.569,12.0,108.0,2022-05-09T17:29:20-04:00,https://www.sec.gov/Archives/edgar/data/1835597/000119312522145157/d235586d424b4.htm,0.1621411282580943,0.1621411282580943
EE,2022,27.47724459694582,26.16184425354004,0.09007684389750163,0.004841597332699734,326.9984447748731,1.68,4924.0,Industrials,1,2022-2024,High Rate (2022–2024),5.7899554148458,19.0,860.882,1.0,ok,1970-01-01 01:00:25.569,24.0,384.0,2022-04-14T16:09:19-04:00,https://www.sec.gov/Archives/edgar/data/1888447/000114036122014573/ny20000051x19_424b4.htm,-0.1266309379907468,-0.1266309379907468
PRME,2022,18.96999931335449,15.36999988555908,-0.09588235967299528,0.1307741893411475,52.72901009140015,1.68,2836.0,Industrials,1,2022-2024,High Rate (2022–2024),3.965165780208568,0.0,0.0,0.0,ok,1970-01-01 01:00:25.569,17.0,175.000006,2022-10-21T16:47:42-04:00,https://www.sec.gov/Archives/edgar/data/1894562/000162828022026826/primemedicinefinal424b.htm,-0.5354586909793019,-0.5354586909793019
TXO,2023,15.56606006622314,15.56606006622314,-0.221696996688843,0.015909194087046,23.94215698785782,5.02,1311.0,Industrials,1,2022-2024,High Rate (2022–2024),3.175640795814523,11.0,202.704,1.0,ok,1970-01-01 01:00:25.569,20.0,100.0,2023-01-27T15:20:11-05:00,https://www.sec.gov/Archives/edgar/data/1559432/000119312523017433/d364234d424b4.htm,-0.08034014530270764,-0.08034014530270764
MNR,2023,13.41780071056536,12.95170879364014,-0.3183311161242031,-0.07360952564754594,28.55710525229625,5.02,1311.0,Industrials,1,2022-2024,High Rate (2022–2024),3.351905775622129,8.0,637.798,1.0,ok,1970-01-01 01:00:25.569,19.0,190.0,2023-10-26T16:10:52-04:00,https://www.sec.gov/Archives/edgar/data/1980088/000101376223006951/f424b41023_mach.htm,0.02542918889465682,0.02542918889465682
ODD,2023,49.09999847412109,47.52999877929688,0.357999965122768,-0.1009888356898366,306.2907004814148,5.02,2844.0,Industrials,1,2022-2024,High Rate (2022–2024),5.724534652559726,10.0,178.718,1.0,ok,1970-01-01 01:00:25.569,35.0,423.684135,2023-07-20T17:25:34-04:00,https://www.sec.gov/Archives/edgar/data/1907085/000110465923082792/tm223332-38_424b4.htm,-0.1580054389735101,-0.1580054389735101
SGMT,2023,15.5,15.94999980926514,-0.003125011920928733,-0.2451410591955521,24.05755,5.02,2834.0,Industrials,1,2022-2024,High Rate (2022–2024),3.180448876600203,17.0,0.0,0.0,ok,1970-01-01 01:00:25.569,16.0,85.0,2023-07-14T18:56:33-04:00,https://www.sec.gov/Archives/edgar/data/1400118/000110465923081319/tm237052-16_424b4.htm,-0.7868338472711192,-0.7868338472711192
TBMC,2023,10.14999961853027,10.10000038146973,0.01000003814697301,0.008910811437066278,1.123919607759476,5.02,6770.0,Finance,0,2022-2024,High Rate (2022–2024),0.1168222255679207,,0.0,1.0,ok,1970-01-01 01:00:25.569,10.0,60.0,2023-03-29T17:02:45-04:00,https://www.sec.gov/Archives/edgar/data/1934945/000110465923038391/tm234246-6_424b4.htm,0.06534651707766251,0.06534651707766251
KVUE,2023,22.86901931893476,24.09622383117676,0.09528290141712552,-0.02416356185816269,1761.010537439116,5.02,2844.0,Industrials,1,2022-2024,High Rate (2022–2024),7.473643092259743,68.0,6496.0,1.0,ok,1970-01-01 01:00:25.569,22.0,3801.87632,2023-05-04T17:23:45-04:00,https://www.sec.gov/Archives/edgar/data/1944048/000162828023015837/kenvue424b4.htm,-0.2651400735829582,-0.2651400735829582
AESI,2023,15.30601775780882,14.82497215270996,-0.1763904359605578,0.07256609956442894,92.94732343606985,5.02,1311.0,Industrials,1,2022-2024,High Rate (2022–2024),4.532032918013955,6.0,721.736,1.0,ok,1970-01-01 01:00:25.569,18.0,324.0,2023-03-10T06:06:23-05:00,https://www.sec.gov/Archives/edgar/data/1910950/000119312523066641/d292890d424b4.htm,0.2507792966622874,0.2507792966622874
ZKH,2023,15.5,15.5,0.0,0.05225803006079889,7.85385,5.02,5200.0,Consumer,1,2022-2024,High Rate (2022–2024),2.061003857424928,2.0,7250.847,0.0,ok,1970-01-01 01:00:25.569,15.5,62.0,2023-12-15T16:02:33-05:00,https://www.sec.gov/Archives/edgar/data/1862044/000110465923126384/tm228516-40_424b4.htm,-0.7703225843368038,-0.7703225843368038
ANL,2023,18.0,15.0,-0.3478260869565217,-0.4173333485921224,7.344,5.02,2834.0,Industrials,1,2022-2024,High Rate (2022–2024),1.993883653318189,19.0,0.0,0.0,ok,1970-01-01 01:00:25.569,23.0,57.5,2023-09-29T16:01:43-04:00,https://www.sec.gov/Archives/edgar/data/1944552/000110465923105297/tm2225088-43_424b4.htm,-0.8676666657129923,-0.8676666657129923
SVV,2023,24.77000045776367,22.90999984741211,0.2727777693006728,0.1230903410565829,287.2527413085937,5.02,5900.0,Consumer,1,2022-2024,High Rate (2022–2024),5.660362459968249,69.0,669.744,1.0,ok,1970-01-01 01:00:25.569,18.0,401.249988,2023-06-30T06:27:31-04:00,https://www.sec.gov/Archives/edgar/data/1883313/000119312523179214/d264743d424b4.htm,-0.4657354931191419,-0.4657354931191419
ATMU,2023,21.47963692524757,21.45981216430664,0.1005031879131611,0.09838343233679273,134.8470126530117,5.02,3714.0,Industrials,1,2022-2024,High Rate (2022–2024),4.904140896229578,65.0,1207.5,1.0,ok,1970-01-01 01:00:25.569,19.5,275.4259755,2023-05-26T16:15:18-04:00,https://www.sec.gov/Archives/edgar/data/1921963/000110465923065464/tm2211801-25_424b4.htm,0.3852193585670833,0.3852193585670833
HYAC,2023,10.17000007629395,10.17000007629395,0.01700000762939506,0.001966519561388587,4.641832114822388,5.02,6770.0,Finance,0,2022-2024,High Rate (2022–2024),1.535109140636907,,0.0,1.0,ok,1970-01-01 01:00:25.569,10.0,300.0,2017-10-25T17:11:53-04:00,https://www.sec.gov/Archives/edgar/data/1707306/000121390017010959/f424b4102417_haymaker.htm,0.04719759475274704,0.04719759475274704
LXEO,2023,9.5,10.05000019073486,-0.08636361902410367,0.3532338431204831,10.8775,5.02,2836.0,Industrials,1,2022-2024,High Rate (2022–2024),2.386696435612698,5.0,0.0,0.0,ok,1970-01-01 01:00:25.569,11.0,100.00001,2023-11-06T16:54:15-05:00,https://www.sec.gov/Archives/edgar/data/1907108/000119312523271432/d287237d424b4.htm,-0.1800995408224316,-0.1800995408224316
KGS,2023,13.54569516776445,13.66757106781006,-0.3491632824852352,0.2324839704351684,60.05890323483402,5.02,4922.0,Industrials,1,2022-2024,High Rate (2022–2024),4.095325801230173,3.0,718.648,1.0,ok,1970-01-01 01:00:25.569,21.0,105.0,2007-08-07T20:52:08-04:00,https://www.sec.gov/Archives/edgar/data/1389030/000095012907003842/d42935b4e424b4.htm,0.8287592786958728,0.8287592786958728
FIHL,2023,12.54321334587294,12.35171318054199,-0.1177347728184293,0.04263560564589541,70.02499714600485,5.02,6331.0,Finance,1,2022-2024,High Rate (2022–2024),4.248852280389368,23.0,2110.5,1.0,ok,1970-01-01 01:00:25.569,14.0,210.0,2023-06-30T16:21:11-04:00,https://www.sec.gov/Archives/edgar/data/1636639/000119312523180448/d377320d424b4.htm,0.2793063618626421,0.2793063618626421
HG,2023,14.25131011009216,14.01768207550049,-0.06548786163330066,-0.03333329931649976,61.83643456768989,5.02,6331.0,Finance,1,2022-2024,High Rate (2022–2024),4.124492746855203,2.0,2379.026,1.0,ok,1970-01-01 01:00:25.569,15.0,225.0,2023-11-13T07:53:14-05:00,https://www.sec.gov/Archives/edgar/data/1593275/000162828023038412/hamilton-424b4prospectus.htm,0.1900000034016834,0.1900000034016834
HSAI,2023,23.75,21.04999923706055,0.1078946966873974,-0.2289786161292655,179.1795,5.02,3569.0,Industrials,1,2022-2024,High Rate (2022–2024),5.188388096675529,2.0,1192.572,0.0,ok,1970-01-01 01:00:25.569,19.0,190.0,2023-02-09T16:02:10-05:00,https://www.sec.gov/Archives/edgar/data/1861737/000110465923017567/tm2120356-28_424b4.htm,-0.8085510519775627,-0.8085510519775627
LRE,2023,7.0,6.199999809265137,-0.6736842205649928,-0.08064516377126521,16.3023,5.02,1531.0,Industrials,1,2022-2024,High Rate (2022–2024),2.791306202152921,25.0,16001.077,1.0,ok,1970-01-01 01:00:25.569,19.0,178.752,2011-11-14T06:02:58-05:00,https://www.sec.gov/Archives/edgar/data/1519632/000104746911009407/a2206357z424b4.htm,-0.745161275560972,-0.745161275560972
ARM,2023,56.09999847412109,63.59000015258789,0.2468627480899586,-0.2110395023028858,7322.98525082016,5.02,3674.0,Industrials,1,2022-2024,High Rate (2022–2024),8.898773344969209,4.0,154.0,1.0,ok,1970-01-01 01:00:25.569,51.0,4870.5,2023-09-14T16:14:43-04:00,https://www.sec.gov/Archives/edgar/data/1973239/000119312523235320/d550931d424b4.htm,1.317502669658196,1.317502669658196
BIRK,2023,41.0,40.20000076293945,-0.1260869399360988,0.04104471840465188,644.7496,5.02,3140.0,Industrials,1,2022-2024,High Rate (2022–2024),6.46886202436576,249.0,722.363,1.0,ok,1970-01-01 01:00:25.569,46.0,1483.870944,2023-10-12T09:15:47-04:00,https://www.sec.gov/Archives/edgar/data/1977102/000119312523254724/d507917d424b4.htm,0.2398009752909157,0.2398009752909157
NXT,2023,30.30999946594238,30.45999908447266,0.2691666285196941,0.02429421210468852,495.007756278038,5.02,3674.0,Industrials,1,2022-2024,High Rate (2022–2024),6.204573431694491,10.0,1686.792,1.0,ok,1970-01-01 01:00:25.569,24.0,638.4,2023-02-10T17:20:34-05:00,https://www.sec.gov/Archives/edgar/data/1852131/000119312523032878/d139910d424b4.htm,0.9064347156998467,0.9064347156998467
SKWD,2023,18.89999961853027,19.10000038146973,0.2733333587646486,0.02198953235107877,78.86402840824127,5.02,6331.0,Finance,1,2022-2024,High Rate (2022–2024),4.36772521018107,17.0,1147.676,1.0,ok,1970-01-01 01:00:25.569,15.0,134.285745,2023-01-13T16:06:01-05:00,https://www.sec.gov/Archives/edgar/data/1519449/000110465923003801/tm228594-17_424b4.htm,0.7172774126686493,0.7172774126686493
QETA,2023,10.10000038146973,10.07999992370605,0.007999992370604937,0.002976164007763363,4.29048016204834,5.02,6770.0,Finance,0,2022-2024,High Rate (2022–2024),1.456398652562085,,0.0,1.0,ok,1970-01-01 01:00:25.569,10.0,60.0,2023-10-10T13:11:23-04:00,https://www.sec.gov/Archives/edgar/data/1978528/000182912623006525/quettaacquisitioncop_424b4.htm,0.04404764360130888,0.04404764360130888
ESHA,2023,10.07999992370605,10.09000015258789,0.009000015258789063,-0.0009911029465416877,77.91335941028595,5.02,6770.0,Finance,0,2022-2024,High Rate (2022–2024),4.35559743252863,,0.0,1.0,ok,1970-01-01 01:00:25.569,10.0,100.0,2023-06-15T16:15:51-04:00,https://www.sec.gov/Archives/edgar/data/1918661/000121390023049260/f424b40623_eshacq.htm,0.0336967440481839,0.0336967440481839
APGE,2023,21.5,21.22999954223633,0.2488235024844901,0.1186999770183801,101.2693,5.02,2836.0,Industrials,1,2022-2024,High Rate (2022–2024),4.617783305105433,1.0,0.0,0.0,ok,1970-01-01 01:00:25.569,17.0,300.05,2023-07-17T16:08:26-04:00,https://www.sec.gov/Archives/edgar/data/1974640/000110465923081627/tm2313083-15_424b4.htm,1.325953939371288,1.325953939371288
AXG,2023,4.550000190734863,6.079999923706055,-0.3920000076293945,-0.6463815588246089,69.41935291004181,5.02,6211.0,Finance,1,2022-2024,High Rate (2022–2024),4.240165689013674,2107.0,1.21,0.0,ok,1970-01-01 01:00:25.569,10.0,200.0,2008-01-25T16:57:11-05:00,https://www.sec.gov/Archives/edgar/data/1413609/000095015308000120/p74388b4e424b4.htm,-0.6036184019618085,-0.6036184019618085
KVAC,2023,10.19999980926514,10.14000034332275,0.01400003433227504,0.01183430783985157,2.574479951858521,5.02,6770.0,Finance,0,2022-2024,High Rate (2022–2024),0.9456475532756499,,0.0,1.0,ok,1970-01-01 01:00:25.569,10.0,130.0,2023-07-25T10:09:23-04:00,https://www.sec.gov/Archives/edgar/data/1889983/000121390023059440/f424b40723_keenvisionacq.htm,0.05818532336659061,0.05818532336659061
MLYS,2023,21.10000038146973,18.44000053405762,0.1525000333786013,-0.1339479498640394,57.12825103282928,5.02,2834.0,Industrials,1,2022-2024,High Rate (2022–2024),4.045298758454163,4.0,0.0,0.0,ok,1970-01-01 01:00:25.569,16.0,192.0,2023-02-10T16:01:02-05:00,https://www.sec.gov/Archives/edgar/data/1933414/000162828023003159/mineralys-424b4.htm,-0.2017353665558839,-0.2017353665558839
GPCR,2023,25.0,26.0,0.7333333333333333,-0.1284615443303035,44.5775,5.02,2834.0,Industrials,1,2022-2024,High Rate (2022–2024),3.797229247426065,7.0,0.0,0.0,ok,1970-01-01 01:00:25.569,15.0,161.1,2023-02-03T17:51:43-05:00,https://www.sec.gov/Archives/edgar/data/1888886/000110465923010729/tm225197-16_424b4.htm,0.7184615501990685,0.7184615501990685
CAVA,2023,42.0,43.77999877929688,0.9899999445134946,0.3044769804187001,703.5756,5.02,5812.0,Consumer,1,2022-2024,High Rate (2022–2024),6.55617533346731,17.0,721.908,1.0,ok,1970-01-01 01:00:25.569,22.0,317.777768,2023-06-16T16:16:59-04:00,https://www.sec.gov/Archives/edgar/data/1639438/000162828023022472/cava-424b4x61623.htm,1.054134372148562,1.054134372148562
KVYO,2023,36.75,32.7599983215332,0.09199994405110677,-0.1312576146938979,627.833325,5.02,7372.0,Tech,1,2022-2024,High Rate (2022–2024),6.442274725190824,11.0,221.305,0.0,ok,1970-01-01 01:00:25.569,30.0,576.0,2023-09-20T06:37:18-04:00,https://www.sec.gov/Archives/edgar/data/1835830/000162828023032570/klaviyoincfinalprospectus.htm,0.02197806036607355,0.02197806036607355
ULS,2024,33.64086291527419,34.33864212036133,0.2263800757271903,0.2017745820247334,503.0587358624272,5.14,8734.0,Other,1,2022-2024,High Rate (2022–2024),6.22070693438079,130.0,1543.0,1.0,ok,1970-01-01 01:00:25.569,28.0,946.4,2024-04-15T16:12:32-04:00,https://www.sec.gov/Archives/edgar/data/1901440/000162828024016209/ul-424b4.htm,0.6624304156895332,0.6624304156895332
GRDN,2024,14.46000003814697,16.0,0.1428571428571428,0.3125,41.16328210859299,5.14,5912.0,Consumer,1,2022-2024,High Rate (2022–2024),3.717546648034407,2095.0,1155.967,1.0,ok,1970-01-01 01:00:25.569,14.0,112.0,2024-09-26T17:04:43-04:00,https://www.sec.gov/Archives/edgar/data/1802255/000119312524227041/d856029d424b4.htm,0.6293749809265137,0.6293749809265137
AVBP,2024,24.0,20.0,0.1111111111111111,-0.03350000381469727,47.8224,5.14,2834.0,Industrials,1,2022-2024,High Rate (2022–2024),3.867494148976565,3.0,0.0,0.0,ok,1970-01-01 01:00:25.569,18.0,174.999996,2024-01-26T16:12:43-05:00,https://www.sec.gov/Archives/edgar/data/1868279/000110465924007261/tm2321853-23_424b4.htm,0.4399999618530274,0.4399999618530274
RBRK,2024,38.59999847412109,37.0,0.15625,-0.08567562618771114,717.1995516487121,5.14,7372.0,Tech,1,2022-2024,High Rate (2022–2024),6.575354116589556,10.0,265.748,0.0,ok,1970-01-01 01:00:25.569,32.0,752.0,2024-04-26T17:20:54-04:00,https://www.sec.gov/Archives/edgar/data/1943896/000119312524118478/d359771d424b4.htm,0.885405463141364,0.885405463141364
TEM,2024,40.0,40.25,0.08783783783783784,0.142111831570264,253.556,5.14,7370.0,Tech,1,2022-2024,High Rate (2022–2024),5.535584705932644,2099.0,387.875,0.0,ok,1970-01-01 01:00:25.569,37.0,410.7,2024-06-17T06:07:46-04:00,https://www.sec.gov/Archives/edgar/data/1717115/000119312524161989/d221145d424b4.htm,0.741863369201281,0.741863369201281
TWFG,2024,22.0,22.01000022888184,0.2947058958165788,0.2421626473548125,109.9604,5.14,6411.0,Finance,1,2022-2024,High Rate (2022–2024),4.70012030097686,23.0,171.154,1.0,ok,1970-01-01 01:00:25.569,17.0,187.0,2024-07-18T17:57:51-04:00,https://www.sec.gov/Archives/edgar/data/2007596/000162828024032250/twfginc-424b4.htm,0.4625169601074701,0.4625169601074701
RFAI,2024,10.0,10.03999996185303,0.003999996185302912,0.003984059960658085,11.758,5.14,6770.0,Finance,0,2022-2024,High Rate (2022–2024),2.464533859980063,,0.0,1.0,ok,1970-01-01 01:00:25.569,10.0,100.0,2024-05-17T16:30:42-04:00,https://www.sec.gov/Archives/edgar/data/2012807/000182912624003479/rfacq2_424b4.htm,0.04980079700196709,0.04980079700196709
CGON,2024,29.0,37.16999816894531,0.9563156931023848,-0.04465966987318825,255.9192,5.14,2836.0,Industrials,1,2022-2024,High Rate (2022–2024),5.544861769659509,14.0,4.647,0.0,ok,1970-01-01 01:00:25.569,19.0,380.0,2024-01-25T17:12:22-05:00,https://www.sec.gov/Archives/edgar/data/1991792/000119312524015534/d551455d424b4.htm,-0.1794457491934434,-0.1794457491934434
KSPI,2024,86.8809414594824,90.14015197753906,-0.02021573937457541,0.1106594666881086,296.3074508475647,5.14,7389.0,Consumer,0,2022-2024,High Rate (2022–2024),5.691397600559559,,2119442.0,1.0,ok,1970-01-01 01:00:25.569,92.0,1039.6,2024-01-19T16:18:48-05:00,https://www.sec.gov/Archives/edgar/data/1985487/000119312524011265/d425809d424b4.htm,0.05979405679162651,0.05979405679162651
BIOA,2024,22.5,18.30999946594238,0.8309999465942379,0.1261606466776663,103.97025,5.14,2834.0,Industrials,1,2022-2024,High Rate (2022–2024),4.644104800526759,9.0,8.995,0.0,ok,1970-01-01 01:00:25.569,10.0,80.0,2013-05-10T16:56:33-04:00,https://www.sec.gov/Archives/edgar/data/1534287/000119312513214458/d442100d424b4.htm,-0.7023484452087265,-0.7023484452087265
IBTA,2024,103.25,98.0,0.1136363636363636,-0.1252040473782286,100.245425,5.14,7310.0,Tech,1,2022-2024,High Rate (2022–2024),4.607621429235104,13.0,66.649,1.0,ok,1970-01-01 01:00:25.569,88.0,577.3416,2024-04-18T06:01:35-04:00,https://www.sec.gov/Archives/edgar/data/1538379/000162828024016660/ibotta424b4finalprospectus.htm,-0.5211224458655532,-0.5211224458655532
MBX,2024,23.0,23.64999961853027,0.3138888676961261,-0.1019027436061277,42.044,5.14,2834.0,Industrials,1,2022-2024,High Rate (2022–2024),3.738716688961108,5.0,0.0,0.0,ok,1970-01-01 01:00:25.569,18.0,199.94499,2025-09-25T16:03:17-04:00,https://www.sec.gov/Archives/edgar/data/1776111/000119312525217429/424b4_final_prospectus_s.htm,-0.5879492582349275,-0.5879492582349275
MBAV,2024,9.970000267028809,9.989999771118164,-0.001000022888183594,0.004004000277224252,22.28195359678269,5.14,6770.0,Finance,0,2022-2024,High Rate (2022–2024),3.103777095092217,,0.0,1.0,ok,1970-01-01 01:00:25.569,10.0,250.0,2024-08-01T19:08:37-04:00,https://www.sec.gov/Archives/edgar/data/2016072/000121390024064219/ea0204051-10.htm,0.05605609934403625,0.05605609934403625
MACI,2024,9.979999542236328,9.960000038146973,-0.003999996185302735,0.0,0.1097799949645996,5.14,7389.0,Consumer,0,2022-2024,High Rate (2022–2024),-2.209276961728498,,0.0,1.0,ok,1970-01-01 01:00:25.569,10.0,150.0,2024-06-18T16:32:12-04:00,https://www.sec.gov/Archives/edgar/data/2016221/000110465924072844/tm2411016-8_424b4.htm,0.0572288848033243,0.0572288848033243
ARTV,2024,16.0,12.0,0.0,-0.03833333651224772,10.1088,5.14,2836.0,Industrials,1,2022-2024,High Rate (2022–2024),2.313406331625629,5.0,0.0,0.0,ok,1970-01-01 01:00:25.569,12.0,167.04,2024-07-19T18:58:15-04:00,https://www.sec.gov/Archives/edgar/data/1817241/000119312524181773/d808948d424b4.htm,-0.7850000063578287,-0.7850000063578287
ALDF,2024,9.949999809265137,9.899999618530273,-0.01000003814697266,0.003030372505202342,0.002984999942779541,5.14,6770.0,Finance,0,2022-2024,High Rate (2022–2024),-4.605170185988091,,0.0,1.0,ok,1970-01-01 01:00:25.569,10.0,200.0,2024-10-23T10:50:16-04:00,https://www.sec.gov/Archives/edgar/data/2031561/000110465924110770/tm2426712-1_424b4.htm,0.05959597730524765,0.05959597730524765
CCIX,2024,10.07999992370605,10.02999973297119,0.002999973297118963,0.0,0.006047999954223632,5.14,7373.0,Tech,1,2022-2024,High Rate (2022–2024),-4.605170185988091,7.0,0.0,1.0,ok,1970-01-01 01:00:25.569,10.0,250.0,2024-05-03T15:41:12-04:00,https://www.sec.gov/Archives/edgar/data/2006291/000119312524130638/d681110d424b4.htm,0.05682957763446356,0.05682957763446356
LPBB,2024,9.949999809265137,9.9399995803833,-0.006000041961669922,0.001006059286116219,0.02984999942779541,5.14,6770.0,Finance,0,2022-2024,High Rate (2022–2024),-3.511570458312859,,0.0,1.0,ok,1970-01-01 01:00:25.569,10.0,200.0,2024-10-08T06:24:13-04:00,https://www.sec.gov/Archives/edgar/data/2023676/000121390024086036/ea0206909-14.htm,0.0543259541900508,0.0543259541900508
ICON,2024,681.280735325169,663.352294921875,34.3787890625,-0.4243243969377544,1.32985999535473,5.14,4412.0,Industrials,1,2022-2024,High Rate (2022–2024),0.2850736700421605,1.0,8.719,0.0,ok,1970-01-01 01:00:25.569,18.75,226.21875,2006-12-08T15:30:40-05:00,https://www.sec.gov/Archives/edgar/data/857737/000119312506249586/d424b4.htm,-0.9791965742843173,-0.9791965742843173
CTRI,2024,23.59000015258789,23.95000076293945,0.1404762268066405,0.1465552488401011,41.16926826629638,5.14,4923.0,Industrials,1,2022-2024,High Rate (2022–2024),3.71769206215523,115.0,2602.284,1.0,ok,1970-01-01 01:00:25.569,21.0,260.4,2024-04-18T16:31:20-04:00,https://www.sec.gov/Archives/edgar/data/1981599/000119312524100835/d507887d424b4.htm,-0.3018789653139703,-0.3018789653139703
SBXD,2024,9.949999809265137,9.979999542236328,-0.002000045776367187,0.005010039381590912,0.0288549994468689,5.14,6770.0,Finance,0,2022-2024,High Rate (2022–2024),-3.54547200998854,,0.053,1.0,ok,1970-01-01 01:00:25.569,10.0,200.0,2024-08-16T16:06:02-04:00,https://www.sec.gov/Archives/edgar/data/2015947/000110465924090497/tm248249-14_424b4.htm,0.05010020269880288,0.05010020269880288
LB,2024,18.82071169728737,22.93155097961426,0.3489147635067212,0.4600434160707333,60.29026785109036,5.14,6792.0,Finance,1,2022-2024,High Rate (2022–2024),4.099170695203178,3.0,13.496,1.0,ok,1970-01-01 01:00:25.569,17.0,246.5,2024-06-28T17:23:45-04:00,https://www.sec.gov/Archives/edgar/data/1995807/000119312524172433/d752700d424b4.htm,1.879830960316114,1.879830960316114
BKV,2024,18.54999923706055,18.0,0.0,0.07166671752929688,112.4760653739929,5.14,1311.0,Industrials,1,2022-2024,High Rate (2022–2024),4.722740446778334,9.0,157.464,1.0,ok,1970-01-01 01:00:25.569,18.0,270.0,2024-09-27T06:12:18-04:00,https://www.sec.gov/Archives/edgar/data/1838406/000110465924103216/tm2217921-58_424b4.htm,0.3188888761732314,0.3188888761732314
CTNM,2024,14.5,15.39999961853027,-0.03750002384185813,0.006493531425117677,22.9535,5.14,2834.0,Industrials,1,2022-2024,High Rate (2022–2024),3.133470430325404,7.0,0.0,0.0,ok,1970-01-01 01:00:25.569,16.0,110.0,2024-04-05T19:08:14-04:00,https://www.sec.gov/Archives/edgar/data/1855175/000119312524088740/d578485d424b4.htm,-0.651298700092333,-0.651298700092333
RAPP,2024,18.0,20.79999923706055,0.2235293668859147,-0.02163456115849426,32.0004,5.14,2834.0,Industrials,1,2022-2024,High Rate (2022–2024),3.465748402721602,2.0,0.0,0.0,ok,1970-01-01 01:00:25.569,17.0,136.0,2024-06-07T16:14:07-04:00,https://www.sec.gov/Archives/edgar/data/2012593/000119312524157358/d803738d424b4.htm,-0.3673076764366325,-0.3673076764366325
GRO,2024,12.39999961853027,13.51000022888184,-0.1812121073404946,-0.4300518372454216,0.4687199855804443,5.14,1400.0,Industrials,1,2022-2024,High Rate (2022–2024),-0.7577497345092921,7.0,0.0,0.0,ok,1970-01-01 01:00:25.569,16.5,282.975,2007-11-07T09:44:43-05:00,https://www.sec.gov/Archives/edgar/data/1413257/000114554907001918/h01235b4e424b4.htm,-0.8297557429052209,-0.8297557429052209
ALF,2024,9.979999542236328,10.02000045776367,0.00200004577636701,-0.004491025373065573,0.01896199913024902,5.14,6770.0,Finance,1,2022-2024,High Rate (2022–2024),-3.965318348354474,0.0,0.0,1.0,ok,1970-01-01 01:00:25.569,10.0,250.0,2024-06-11T17:15:35-04:00,https://www.sec.gov/Archives/edgar/data/2010930/000121390024051796/ea0201265-06.htm,0.04890217053218832,0.04890217053218832
BEAG,2024,9.859999656677246,9.854999542236328,-0.01450004577636719,0.001522104923340258,0.07789399728775025,5.14,6770.0,Finance,0,2022-2024,High Rate (2022–2024),-2.55240638571437,,0.0,1.0,ok,1970-01-01 01:00:25.569,10.0,250.0,2024-10-24T16:52:09-04:00,https://www.sec.gov/Archives/edgar/data/1852207/000121390024090424/ea0208608-13.htm,0.07458149614330412,0.07458149614330412
OACC,2024,10.0,10.0,0.0,-0.003999996185302735,0.004,5.14,6770.0,Finance,0,2022-2024,High Rate (2022–2024),-4.605170185988091,,0.0,1.0,ok,1970-01-01 01:00:25.569,10.0,175.0,2024-10-24T16:58:43-04:00,https://www.sec.gov/Archives/edgar/data/2029769/000119312524242948/d814216d424b4.htm,0.06400003433227539,0.06400003433227539
UPB,2024,21.5,22.0,0.2941176470588235,-0.173181793906472,76.8883,5.14,2834.0,Industrials,1,2022-2024,High Rate (2022–2024),4.342353719292583,3.0,2.854,0.0,ok,1970-01-01 01:00:25.569,17.0,255.0,2024-10-11T16:05:44-04:00,https://www.sec.gov/Archives/edgar/data/2022626/000119312524236714/d843142d424b4.htm,-0.09181820262562145,-0.09181820262562145
OS,2024,26.0,26.85000038146973,0.3425000190734865,0.08081936854613792,279.929312,5.14,,Other,1,2022-2024,High Rate (2022–2024),5.634537114153724,60.0,188.643,0.0,ok,1970-01-01 01:00:25.569,20.0,490.0,2024-07-24T17:16:41-04:00,https://www.sec.gov/Archives/edgar/data/1889956/000095017024086133/onestream_424b4.htm,-0.06852886876894607,-0.06852886876894607
YHNA,2024,10.01000022888184,10.01000022888184,0.001000022888183949,0.002996976252271526,0.2852850065231323,5.14,6770.0,Finance,0,2022-2024,High Rate (2022–2024),-1.254266575515085,,0.0,1.0,ok,1970-01-01 01:00:25.569,10.0,60.0,2024-09-18T17:21:44-04:00,https://www.sec.gov/Archives/edgar/data/2020987/000121390024079960/ea0202371-13.htm,0.05154842979099385,0.05154842979099385
VCIC,2024,9.960000038146973,9.960000038146973,-0.003999996185302735,0.005020099452144747,4.368705016732216,5.14,,Other,0,2022-2024,High Rate (2022–2024),1.474466630347766,,0.0,1.0,partial,1970-01-01 01:00:25.569,10.0,200.0,2024-09-09T09:29:11-04:00,https://www.sec.gov/Archives/edgar/data/2025396/000121390024076738/ea0207352-08.htm,0.07429716549035664,0.07429716549035664
BOW,2024,23.0,23.79999923706055,0.3999999551212088,0.09201683211180205,76.7234,5.14,6331.0,Finance,1,2022-2024,High Rate (2022–2024),4.340206746590085,20.0,551.539,1.0,ok,1970-01-01 01:00:25.569,17.0,128.000004,2024-05-24T16:40:32-04:00,https://www.sec.gov/Archives/edgar/data/2002473/000162828024025249/bowheadspecialtyholdingsin.htm,0.5714286859152877,0.5714286859152877
MGX,2024,10.25,10.3100004196167,-0.3126666386922201,0.08147421578328154,28.23055,5.14,2836.0,Industrials,1,2022-2024,High Rate (2022–2024),3.340404724895305,9.0,25.21,0.0,ok,1970-01-01 01:00:25.569,15.0,93.75,2024-02-12T07:01:16-05:00,https://www.sec.gov/Archives/edgar/data/1785279/000119312524031007/d425213d424b4.htm,-0.7788554918919649,-0.7788554918919649
PCSC,2024,10.0600004196167,10.05000019073486,0.005000019073485973,0.003980095631232273,19.22063680171966,5.14,8071.0,Healthcare,1,2022-2024,High Rate (2022–2024),2.955984535236765,0.0,0.0,1.0,ok,1970-01-01 01:00:25.569,10.0,75.0,2024-06-12T16:30:50-04:00,https://www.sec.gov/Archives/edgar/data/2017526/000114036124029891/ny20026753x13_424b4.htm,0.04975124283688592,0.04975124283688592
AVR,2024,6.0,5.599999904632568,-0.8697674440783124,-0.003571425226269879,13.245,5.14,3842.0,Industrials,1,2022-2024,High Rate (2022–2024),2.583620122724033,25.0,0.443546,0.0,ok,1970-01-01 01:00:25.569,43.0,389.51335,2006-06-29T20:25:39-04:00,https://www.sec.gov/Archives/edgar/data/1285043/000104746906009109/a2171605z424b4.htm,-0.116071447578012,-0.116071447578012
GPAT,2024,9.979999542236328,9.989999771118164,-0.001000022888183594,0.003003071805090731,7.846275640106201,5.14,6770.0,Finance,0,2022-2024,High Rate (2022–2024),2.060038978460891,,0.0,1.0,ok,1970-01-01 01:00:25.569,10.0,250.0,2024-05-09T08:47:23-04:00,https://www.sec.gov/Archives/edgar/data/1834526/000110465924059150/tm243519-11_424b4.htm,0.05455456344149089,0.05455456344149089
PACS,2024,23.0,23.0,0.09523809523809523,0.2704347527545432,150.7144,5.14,8051.0,Healthcare,1,2022-2024,High Rate (2022–2024),5.015386655148405,11.0,4508.604,1.0,ok,1970-01-01 01:00:25.569,21.0,450.000012,2024-04-12T16:17:20-04:00,https://www.sec.gov/Archives/edgar/data/2001184/000162828024016052/pacs-424b4.htm,-0.6017391370690387,-0.6017391370690387
SVCO,2024,21.0,19.79999923706055,0.04210522300318686,-0.08333331727820954,80.556,5.14,7372.0,Tech,1,2022-2024,High Rate (2022–2024),4.388952594744615,40.0,13.694,0.0,ok,1970-01-01 01:00:25.569,19.0,114.0,2024-05-10T16:03:03-04:00,https://www.sec.gov/Archives/edgar/data/1943289/000162828024022612/silvacogroupinc-424b4.htm,-0.7792929265684234,-0.7792929265684234
WRD,2024,15.5,16.54999923706055,0.1033332824707034,0.0368580446206658,30.2343,5.14,7373.0,Tech,1,2022-2024,High Rate (2022–2024),3.408977041480979,3.0,477.765,0.0,ok,1970-01-01 01:00:25.569,15.0,412.5,2016-12-15T16:13:12-05:00,https://www.sec.gov/Archives/edgar/data/1681714/000119312516794451/d200402d424b4.htm,-0.2918428515220643,-0.2918428515220643
POLE,2024,9.949999809265137,9.949999809265137,-0.005000019073486328,0.00201009629618767,4.437699914932251,5.14,6770.0,Finance,0,2022-2024,High Rate (2022–2024),1.490136205039095,,0.0,1.0,ok,1970-01-01 01:00:25.569,10.0,200.0,2024-09-05T17:14:00-04:00,https://www.sec.gov/Archives/edgar/data/2025341/000121390024076167/ea0208202-05.htm,0.07437183771894135,0.07437183771894135
SDHC,2024,23.5,24.0,0.1428571428571428,0.2012499968210856,98.78695,5.14,1531.0,Industrials,1,2022-2024,High Rate (2022–2024),4.592965511009584,16.0,758.945,1.0,ok,1970-01-01 01:00:25.569,21.0,161.538468,2024-01-12T16:35:27-05:00,https://www.sec.gov/Archives/edgar/data/1982518/000114036124002139/ny20009679x16_424b4.htm,-0.04291669527689616,-0.04291669527689616
WLAC,2024,9.899999618530273,9.890000343322754,-0.01099996566772461,0.0,1.559249939918518,5.14,6770.0,Finance,0,2022-2024,High Rate (2022–2024),0.4442048978917986,,0.0,1.0,ok,1970-01-01 01:00:25.569,10.0,110.0,2024-11-08T17:12:46-05:00,https://www.sec.gov/Archives/edgar/data/2032379/000149315224044337/form424b4.htm,0.2780586354434928,0.2780586354434928
SIMA,2024,9.970000267028809,9.960000038146973,-0.003999996185302735,0.003012021371113646,14.97394340105057,5.14,6770.0,Finance,1,2022-2024,High Rate (2022–2024),2.706311583986375,27.0,0.0,1.0,ok,1970-01-01 01:00:25.569,10.0,200.0,2024-07-10T17:03:16-04:00,https://www.sec.gov/Archives/edgar/data/2014982/000121390024060545/ea0204058-07.htm,0.04819272493955036,0.04819272493955036
ALMS,2024,13.5,13.30000019073486,-0.1687499880790713,-0.09849627073909974,23.8626,5.14,2834.0,Industrials,1,2022-2024,High Rate (2022–2024),3.172312379718832,3.0,24.05,0.0,ok,1970-01-01 01:00:25.569,16.0,210.0,2024-06-28T16:57:13-04:00,https://www.sec.gov/Archives/edgar/data/1847367/000110465924076337/tm2411163-14_424b4.htm,-0.7729323355175343,-0.7729323355175343
LEGT,2024,10.0,10.05000019073486,0.005000019073485973,0.004975143262281594,0.559,5.14,6770.0,Finance,0,2022-2024,High Rate (2022–2024),-0.5816058058270378,,0.0,1.0,ok,1970-01-01 01:00:25.569,10.0,175.0,2024-02-06T16:30:37-05:00,https://www.sec.gov/Archives/edgar/data/2002038/000182912624000763/legatomerger3_424b4.htm,0.04378105194355501,0.04378105194355501
GRAF,2024,10.19999980926514,9.989999771118164,-0.001000022888183594,0.002002047870060487,4.290119919776917,5.14,6770.0,Finance,1,2022-2024,High Rate (2022–2024),1.456314685877191,0.0,0.0,1.0,ok,1970-01-01 01:00:25.569,10.0,200.0,2024-06-27T09:13:45-04:00,https://www.sec.gov/Archives/edgar/data/1897463/000110465924075421/tm247067-14_424b4.htm,0.04904902726172127,0.04904902726172127
BACQ,2024,9.869999885559082,9.850000381469727,-0.01499996185302734,0.001015154804088193,4.12669630215168,5.14,,Other,0,2022-2024,High Rate (2022–2024),1.417477160020957,,0.67,1.0,ok,1970-01-01 01:00:25.569,10.0,250.0,2024-11-01T07:30:59-04:00,https://www.sec.gov/Archives/edgar/data/2028707/000121390024093200/ea0209024-08.htm,0.09238576773296811,0.09238576773296811
FLX,2024,16.5,18.01000022888184,0.09151516538677815,-0.4934480827863429,22.7469,5.14,4210.0,Industrials,1,2022-2024,High Rate (2022–2024),3.124428872375949,2087.0,3522.968,1.0,ok,1970-01-01 01:00:25.569,16.5,66.0,2024-10-04T07:20:46-04:00,https://www.sec.gov/Archives/edgar/data/1858724/000119312524232593/d439608d424b4.htm,-0.8095502485748632,-0.8095502485748632
VACH,2024,9.960000038146973,9.970000267028809,-0.00299997329711914,0.006018000434844867,14.14917605419159,5.14,2836.0,Industrials,0,2022-2024,High Rate (2022–2024),2.649656393008097,,0.0,1.0,ok,1970-01-01 01:00:25.569,10.0,220.0,2024-08-12T09:25:33-04:00,https://www.sec.gov/Archives/edgar/data/2006815/000182912624005388/voyageracq_424b4.htm,0.04814438609632799,0.04814438609632799
PAL,2024,15.0,14.75,-0.01666666666666667,0.0983051364704714,54.2355,5.14,4700.0,Industrials,1,2022-2024,High Rate (2022–2024),3.993335675588617,31.0,391.009422,0.0,ok,1970-01-01 01:00:25.569,15.0,214.999995,2024-05-10T17:11:41-04:00,https://www.sec.gov/Archives/edgar/data/1998768/000121390024041822/ea0201004-12.htm,-0.4433898279222391,-0.4433898279222391
FVR,2024,16.66614441278776,17.0953540802002,-0.1002445220947264,0.01816244739837791,82.57407910759821,5.14,6798.0,Finance,1,2022-2024,High Rate (2022–2024),4.413695819020882,8.0,6.364,0.0,ok,1970-01-01 01:00:25.569,19.0,250.8,2024-10-02T16:48:06-04:00,https://www.sec.gov/Archives/edgar/data/1988494/000114036124042577/ny20036129x12_424b4.htm,-0.2091320666807321,-0.2091320666807321
CON,2024,21.61805173157224,22.08971786499023,-0.06001200574509656,0.07962647609860453,118.3847748924359,5.14,8093.0,Healthcare,1,2022-2024,High Rate (2022–2024),4.773940123745938,45.0,1550.323,1.0,ok,1970-01-01 01:00:25.569,23.5,528.75,2024-07-26T06:04:01-04:00,https://www.sec.gov/Archives/edgar/data/2014596/000110465924082804/tm248173-17_424b4.htm,-0.09787491535978374,-0.09787491535978374
CUB,2024,9.960000038146973,9.970000267028809,-0.7820764968955451,0.004012032174693999,14.29160405473709,5.14,6770.0,Finance,0,2022-2024,High Rate (2022–2024),2.659672235798748,,0.0,1.0,ok,1970-01-01 01:00:25.569,45.75,105.91125,2013-05-16T17:10:05-04:00,https://www.sec.gov/Archives/edgar/data/26076/000104746913006239/a2215310z424b4.htm,0.05115338631375042,0.05115338631375042
BTSG,2024,12.0,11.0,-0.1538461538461539,-0.1600000208074396,298.5144,5.14,8082.0,Healthcare,1,2022-2024,High Rate (2022–2024),5.698818172875117,50.0,11392.787,1.0,ok,1970-01-01 01:00:25.569,13.0,693.333342,2024-01-26T17:09:15-05:00,https://www.sec.gov/Archives/edgar/data/1865782/000119312524016841/d631699d424b4.htm,1.066363594748757,1.066363594748757
VIK,2024,26.14999961853027,26.10000038146973,0.08750001589457208,0.2639847201645552,915.704996641922,5.14,4400.0,Industrials,1,2022-2024,High Rate (2022–2024),6.819694256735167,27.0,3683.86,1.0,ok,1970-01-01 01:00:25.569,24.0,1537.000032,2024-05-02T16:07:19-04:00,https://www.sec.gov/Archives/edgar/data/1745201/000119312524129359/d496227d424b4.htm,0.6229885054111334,0.6229885054111334
WBTN,2024,21.29999923706055,23.0,0.09523809523809523,-0.4456521739130435,136.7736851009369,5.14,2741.0,Industrials,1,2022-2024,High Rate (2022–2024),4.918327626311553,19.0,1060.524,0.0,ok,1970-01-01 01:00:25.569,21.0,315.0,2024-06-27T07:28:57-04:00,https://www.sec.gov/Archives/edgar/data/1997859/000119312524169730/d396527d424b4.htm,-0.6052173946214758,-0.6052173946214758
CAPN,2024,9.970000267028809,9.949999809265137,-0.005000019073486328,0.004020096745708537,5.58220314950943,5.14,6770.0,Finance,1,2022-2024,High Rate (2022–2024),1.719583528129688,15.0,0.0,1.0,ok,1970-01-01 01:00:25.569,10.0,60.0,2024-09-20T06:02:33-04:00,https://www.sec.gov/Archives/edgar/data/2024203/000149315224037228/form424b4.htm,0.06331659562990957,0.06331659562990957
BKHA,2024,10.19999980926514,10.13000011444092,0.01300001144409197,0.001974284685431048,0.01427999973297119,5.14,2836.0,Industrials,0,2022-2024,High Rate (2022–2024),-4.248895340770195,,0.0,1.0,ok,1970-01-01 01:00:25.569,10.0,69.0,2024-03-22T06:21:10-04:00,https://www.sec.gov/Archives/edgar/data/2000775/000182912624001784/blackhawk_424b4.htm,0.04540967748768485,0.04540967748768485
AS,2024,13.39999961853027,13.39999961853027,0.03076920142540538,0.1291045182955306,249.9957528831482,5.14,2300.0,Industrials,1,2022-2024,High Rate (2022–2024),5.521443929250534,74.0,2781.9,1.0,ok,1970-01-01 01:00:25.569,13.0,1365.0,2024-02-02T16:22:09-05:00,https://www.sec.gov/Archives/edgar/data/1988894/000110465924010053/tm2322981-18_424b4.htm,1.30895532946673,1.30895532946673
CAMP,2024,11.15999984741211,10.72000026702881,-0.02545452117919906,-0.4953358477003506,9.479303870391846,5.14,2834.0,Industrials,1,2022-2024,High Rate (2022–2024),2.249110882177448,2.0,3.498,0.0,ok,1970-01-01 01:00:25.569,11.0,75.02,2024-10-11T16:33:34-04:00,https://www.sec.gov/Archives/edgar/data/1736730/000110465924108067/tm2415452-18_424b4.htm,-0.6847014897157526,-0.6847014897157526
CBLL,2024,23.26000022888184,25.0,0.4705882352941176,0.05239997863769531,83.06611281738282,5.14,3845.0,Industrials,1,2022-2024,High Rate (2022–2024),4.419636830695466,10.0,10.789,0.0,ok,1970-01-01 01:00:25.569,17.0,180.30302,2024-10-11T16:08:42-04:00,https://www.sec.gov/Archives/edgar/data/1861107/000095017024114320/ceribell_424b4.htm,-0.5015999984741211,-0.5015999984741211
SARO,2024,31.0,32.75,0.3645833333333333,-0.1123664215320849,845.9063,5.14,3724.0,Industrials,1,2022-2024,High Rate (2022–2024),6.740408596971087,113.0,5070.077,1.0,ok,1970-01-01 01:00:25.569,24.0,1440.0,2024-10-02T16:09:12-04:00,https://www.sec.gov/Archives/edgar/data/2025410/000119312524231156/d838237d424b4.htm,-0.1877862478940542,-0.1877862478940542
KYTX,2024,30.14999961853027,30.10000038146973,0.3681818355213514,-0.2279069941332872,19.08796475849152,5.14,2836.0,Industrials,1,2022-2024,High Rate (2022–2024),2.949058019088743,6.0,0.0,0.0,ok,1970-01-01 01:00:25.569,22.0,319.0,2024-02-08T16:05:51-05:00,https://www.sec.gov/Archives/edgar/data/1994702/000119312524028334/d530411d424b4.htm,-0.9026578063247807,-0.9026578063247807
WAY,2024,21.0,20.70000076293945,-0.0372092668400256,0.1492753641883974,330.7122,5.14,7373.0,Tech,1,2022-2024,High Rate (2022–2024),5.801248510749669,24.0,348.162,1.0,ok,1970-01-01 01:00:25.569,21.5,967.5,2024-06-07T16:15:24-04:00,https://www.sec.gov/Archives/edgar/data/1990354/000110465924069649/tm2333808-12_424b4.htm,0.9628019116239719,0.9628019116239719
BCAX,2024,26.25,23.40999984741211,0.3005555470784505,-0.03887227054009172,133.19775,5.14,2834.0,Industrials,1,2022-2024,High Rate (2022–2024),4.891834866071727,4.0,0.0,0.0,ok,1970-01-01 01:00:25.569,18.0,315.0,2024-09-13T16:14:21-04:00,https://www.sec.gov/Archives/edgar/data/2023658/000119312524218862/d821336d424b4.htm,-0.5194361352700458,-0.5194361352700458
PONY,2024,15.0,12.0,-0.07692307692307693,0.1958333651224772,107.331,5.14,7373.0,Tech,1,2022-2024,High Rate (2022–2024),4.675917517509566,8.0,75.84,0.0,ok,1970-01-01 01:00:25.569,13.0,260.0,2024-11-27T16:05:56-05:00,https://www.sec.gov/Archives/edgar/data/1969302/000110465924123680/tm2310344-35_424b4.htm,0.1791666348775228,0.1791666348775228
BOLD,2024,14.25,14.25,-0.05,-0.3971929717482182,24.99735,5.14,2834.0,Industrials,1,2022-2024,High Rate (2022–2024),3.218769819249804,5.0,0.0,0.0,ok,1970-01-01 01:00:25.569,15.0,75.0,2016-07-20T16:57:06-04:00,https://www.sec.gov/Archives/edgar/data/1628738/000119312516652387/d892618d424b4.htm,-0.8940350883885434,-0.8940350883885434
GAUZ,2024,16.70000076293945,16.45000076293945,-0.03235289629767944,-0.3562310236212073,23.95615109443665,5.14,3690.0,Industrials,1,2022-2024,High Rate (2022–2024),3.176225121546988,15.0,71.718,0.0,ok,1970-01-01 01:00:25.569,17.0,75.0,2024-06-06T17:42:48-04:00,https://www.sec.gov/Archives/edgar/data/1781446/000121390024050439/ea0202189-08.htm,-0.474164181316147,-0.474164181316147
ARDT,2024,15.0,16.05999946594238,0.003749966621398704,0.2272727110776461,67.62,5.14,8062.0,Healthcare,1,2022-2024,High Rate (2022–2024),4.21390379727974,31.0,3740.608,1.0,ok,1970-01-01 01:00:25.569,16.0,192.0,2024-07-18T17:18:41-04:00,https://www.sec.gov/Archives/edgar/data/1756655/000119312524181092/d754933d424b4.htm,-0.3181818073850974,-0.3181818073850974
SEPN,2024,23.5,21.39999961853027,0.1888888676961261,0.07523367472200616,76.4925,5.14,2834.0,Industrials,1,2022-2024,High Rate (2022–2024),4.337192696810646,2.0,45.951,0.0,ok,1970-01-01 01:00:25.569,18.0,288.0,2024-10-25T16:06:08-04:00,https://www.sec.gov/Archives/edgar/data/1984086/000119312524244123/d762905d424b4.htm,0.04299065853708318,0.04299065853708318
ZBIO,2024,18.35000038146973,18.14999961853027,0.06764703638413352,0.1239669447542499,35.32191573429107,5.14,2834.0,Industrials,1,2022-2024,High Rate (2022–2024),3.564503613627573,4.0,10.0,0.0,ok,1970-01-01 01:00:25.569,17.0,224.999998,2024-09-13T16:22:11-04:00,https://www.sec.gov/Archives/edgar/data/1953926/000110465924099805/tm2332800-18_424b4.htm,0.00495868619721649,0.00495868619721649
FGL,2024,500.0,316.0,17.58823529411765,-0.1645569620253164,2.685,5.14,1700.0,Industrials,1,2022-2024,High Rate (2022–2024),0.9876807279608281,0.0,83.685738,0.0,ok,1970-01-01 01:00:25.569,17.0,165.75,2013-12-13T16:40:43-05:00,https://www.sec.gov/Archives/edgar/data/1585064/000119312513473278/d588103d424b4.htm,-0.8936708909046801,-0.8936708909046801
KLC,2024,27.0,26.1299991607666,0.08874996503194173,-0.1274397256279269,253.9431,5.14,8351.0,Other,1,2022-2024,High Rate (2022–2024),5.53711022617523,55.0,2128.13,0.0,ok,1970-01-01 01:00:25.569,24.0,576.0,2024-10-09T16:15:45-04:00,https://www.sec.gov/Archives/edgar/data/1873529/000119312524235226/d760946d424b4.htm,-0.7822426238052154,-0.7822426238052154
HDL,2024,27.0,22.29000091552734,0.1395705989533406,-0.2328398528885763,18.09,5.14,5812.0,Consumer,0,2022-2024,High Rate (2022–2024),2.895359299407204,,554.924,1.0,ok,1970-01-01 01:00:25.569,19.56,52.669212,2024-05-17T06:35:43-04:00,https://www.sec.gov/Archives/edgar/data/1995306/000110465924062760/tm2331649-27_424b4.htm,-0.03117997189891138,-0.03117997189891138
RDDT,2024,47.0,50.43999862670898,0.4835293713737934,-0.07533702102538067,2289.1585,5.14,7374.0,Tech,1,2022-2024,High Rate (2022–2024),7.735939561766743,19.0,194.216,1.0,ok,1970-01-01 01:00:25.569,34.0,748.0,2024-03-21T09:03:42-04:00,https://www.sec.gov/Archives/edgar/data/1713445/000162828024012380/reddit-final424b4.htm,1.477002494905859,1.477002494905859
GIG,2024,9.930000305175781,9.90999984741211,-0.009000015258789063,0.002018209694412334,7.524954231262207,5.14,4911.0,Industrials,0,2022-2024,High Rate (2022–2024),2.018224728392151,,0.0,1.0,ok,1970-01-01 01:00:25.569,10.0,200.0,2024-08-29T17:14:11-04:00,https://www.sec.gov/Archives/edgar/data/2023730/000119312524209966/d794575d424b4.htm,0.04843597409701187,0.04843597409701187
LINE,2024,75.66392544915959,74.53819274902344,2.549437749953497,0.002847427857279575,1077.68129017238,5.14,6798.0,Finance,1,2022-2024,High Rate (2022–2024),6.982567058565362,22.0,3634.0,0.0,ok,1970-01-01 01:00:25.569,21.0,246.75,2006-01-13T17:04:22-05:00,https://www.sec.gov/Archives/edgar/data/1326428/000104746906000458/a2166602z424b4.htm,-0.4487666673149182,-0.4487666673149182
TBN,2024,22.5,21.75,-0.09375,-0.01149425287356322,12.15225,5.14,1311.0,Industrials,0,2022-2024,High Rate (2022–2024),2.497514337827083,,0.085947,0.0,ok,1970-01-01 01:00:25.569,24.0,75.0,2024-06-27T16:42:16-04:00,https://www.sec.gov/Archives/edgar/data/1997652/000119312524170654/d716518d424b4.htm,-0.01977012897359914,-0.01977012897359914
LOAR,2024,45.0,48.79999923706055,0.7428571156093052,0.210245948701545,313.4295,5.14,3728.0,Industrials,1,2022-2024,High Rate (2022–2024),5.747574454400816,60.0,218.102,1.0,ok,1970-01-01 01:00:25.569,28.0,308.0,2024-04-26T16:18:56-04:00,https://www.sec.gov/Archives/edgar/data/2000178/000119312524118106/d551112d424b4.htm,0.959016392801885,0.959016392801885
MRX,2024,18.90704598096328,18.41255378723145,-0.03091822172466059,0.053712438031421,137.4372079402201,5.14,6200.0,Finance,1,2022-2024,High Rate (2022–2024),4.92316714327567,19.0,1924.2,1.0,ok,1970-01-01 01:00:25.569,19.0,292.307685,2024-04-25T19:31:09-04:00,https://www.sec.gov/Archives/edgar/data/1997464/000119312524114579/d551881d424b4.htm,1.347062127427181,1.347062127427181
GUTS,2024,13.75,12.85000038146973,-0.143333307902018,-0.5136186914816921,40.52125,5.14,3841.0,Industrials,1,2022-2024,High Rate (2022–2024),3.701826527868138,14.0,0.0,0.0,ok,1970-01-01 01:00:25.569,15.0,109.999995,2024-02-02T16:18:22-05:00,https://www.sec.gov/Archives/edgar/data/1572616/000119312524022867/d519724d424b4.htm,-0.88054475322546,-0.88054475322546
IBAC,2024,9.960000038146973,9.979999542236328,-0.002000045776367187,-0.001001931429475685,0.02689200010299683,5.14,6770.0,Finance,0,2022-2024,High Rate (2022–2024),-3.61592643054533,,0.0,1.0,ok,1970-01-01 01:00:25.569,10.0,100.0,2024-03-27T17:28:06-04:00,https://www.sec.gov/Archives/edgar/data/1998781/000149315224011561/form424b4.htm,0.03807616551811657,0.03807616551811657
DTSQ,2024,9.979999542236328,9.970000267028809,-0.00299997329711914,0.004012032174693999,2.194601899337769,5.14,6770.0,Finance,0,2022-2024,High Rate (2022–2024),0.7860006630338466,,0.0,1.0,ok,1970-01-01 01:00:25.569,10.0,60.0,2024-07-26T08:56:04-04:00,https://www.sec.gov/Archives/edgar/data/2017950/000149315224029165/form424b4.htm,0.05215641827102199,0.05215641827102199
AHR,2024,11.80452301372388,12.14441967010498,0.01203497250874837,0.07261746519079462,150.3046306291435,5.14,6798.0,Finance,1,2022-2024,High Rate (2022–2024),5.012664105526805,2081.0,1755.891,1.0,ok,1970-01-01 01:00:25.569,12.0,672.0,2024-02-08T17:27:29-05:00,https://www.sec.gov/Archives/edgar/data/1632970/000119312524028519/d354035d424b4.htm,1.337123659570164,1.337123659570164
